,ID_Cliente,Nombre,Apellido,Email,Fecha_Resgistro,Región
0,1,Karisa,Cromett,kcromett0@imageshack.us,19/11/2023,Patagonia
1,2,Lenette,Seabert,lseabert1@yahoo.co.jp,07/05/2023,Patagonia
2,3,Buddy,Silverson,bsilverson2@howstuffworks.com,27/03/2023,Patagonia
3,4,Dan,Parkin,dparkin3@virginia.edu,26/10/2023,Buenos Aires
4,5,Conney,Cassella,ccassella4@who.int,31/03/2023,Centro
5,6,Saunder,Fone,sfone5@tumblr.com,07/06/2023,Buenos Aires
6,7,Sophia,Landon,slandon6@imgur.com,19/03/2023,Cuyo
7,8,Joellen,Grey,jgrey7@buzzfeed.com,13/05/2023,Buenos Aires
8,9,Ephraim,Blackstone,eblackstone8@linkedin.com,02/04/2023,Centro
9,10,Stephenie,Sexty,ssexty9@domainmarket.com,23/11/2023,Buenos Aires
10,11,Hilario,Hubble,hhubblea@lycos.com,12/10/2023,Buenos Aires
11,12,Daisy,Vennart,dvennartb@shutterfly.com,21/08/2023,Patagonia
12,13,Kameko,Moland,kmolandc@samsung.com,23/10/2023,Centro
13,14,Fedora,Brackenbury,fbrackenburyd@nsw.gov.au,01/05/2023,Buenos Aires
14,15,Locke,Getsham,lgetshame@joomla.org,29/12/2023,Buenos Aires
15,16,Robena,Arkill,rarkillf@usnews.com,19/04/2023,Buenos Aires
16,17,Marianna,Kyle,mkyleg@blogs.com,25/07/2023,Buenos Aires
17,18,Palm,TRUE,ptrueh@howstuffworks.com,23/12/2023,Centro
18,19,Victoria,Filyukov,vfilyukovi@thetimes.co.uk,13/11/2023,Centro
19,20,Benedicto,Selbach,bselbachj@ning.com,22/07/2023,Cuyo
20,21,Kleon,Mitrovic,kmitrovick@opera.com,25/05/2023,Buenos Aires
21,22,Laird,Grainger,lgraingerl@4shared.com,26/09/2023,Centro
22,23,Essy,Ruperti,erupertim@theatlantic.com,04/05/2023,Patagonia
23,24,Juan,Borrowman,jborrowmann@xrea.com,23/07/2023,Cuyo
24,25,Queenie,Moyer,qmoyero@foxnews.com,18/06/2023,Patagonia
25,26,Byrom,Soro,bsorop@senate.gov,05/07/2023,Centro
26,27,Bealle,Andreuzzi,bandreuzziq@gov.uk,29/11/2023,Buenos Aires
27,28,Theodoric,Bunny,tbunnyr@shinystat.com,25/11/2023,NEA
28,29,Hugh,Lipsett,hlipsetts@sbwire.com,10/09/2023,NEA
29,30,Martainn,Burton,mburtont@jigsy.com,15/06/2023,Buenos Aires
30,31,Marni,Ruthven,mruthvenu@cocolog-nifty.com,28/03/2023,Centro
31,32,Cristen,Ottee,cotteev@reference.com,27/07/2023,Cuyo
32,33,Rosemarie,Swadling,rswadlingw@weebly.com,10/08/2023,NEA
33,34,Karolina,Husselbee,khusselbeex@ezinearticles.com,05/12/2023,Cuyo
34,35,Matthew,Rudderham,mrudderhamy@mashable.com,23/04/2023,NOA
35,36,Lothaire,Bolderson,lboldersonz@gov.uk,31/10/2023,Buenos Aires
36,37,Frederik,Gook,fgook10@newsvine.com,04/11/2023,Cuyo
37,38,Genevra,Perree,gperree11@usgs.gov,19/12/2023,Patagonia
38,39,Filippo,Culkin,fculkin12@people.com.cn,12/10/2023,Patagonia
39,40,Holli,Cousans,hcousans13@yelp.com,13/04/2023,Cuyo
40,41,Felisha,Jayne,fjayne14@mlb.com,29/07/2023,Patagonia
41,42,Myer,Wattinham,mwattinham15@oracle.com,23/06/2023,Patagonia
42,43,Brenda,Buckel,bbuckel16@acquirethisname.com,27/09/2023,Patagonia
43,44,Cyrill,Runge,crunge17@sfgate.com,17/09/2023,Buenos Aires
44,45,Doll,Rye,drye18@ezinearticles.com,16/08/2023,Buenos Aires
45,46,Slade,Stockle,sstockle19@slate.com,10/08/2023,Centro
46,47,Betteanne,Pratley,bpratley1a@archive.org,28/09/2023,Buenos Aires
47,48,Corbie,Von Der Empten,cvonderempten1b@printfriendly.com,18/10/2023,Patagonia
48,49,Sarita,McAsgill,smcasgill1c@flavors.me,04/12/2023,Buenos Aires
49,50,Nickolaus,Coppins,ncoppins1d@xrea.com,21/09/2023,Buenos Aires
50,51,Maire,Rumble,mrumble1e@blinklist.com,30/10/2023,Cuyo
51,52,Albrecht,McGrirl,amcgrirl1f@163.com,09/10/2023,Patagonia
52,53,Fitz,Fuge,ffuge1g@joomla.org,03/08/2023,Centro
53,54,Byram,Ferenczi,bferenczi1h@studiopress.com,18/08/2023,Buenos Aires
54,55,Amory,Highnam,ahighnam1i@cnbc.com,06/05/2023,Patagonia
55,56,Vevay,Wellum,vwellum1j@tumblr.com,27/06/2023,Centro
56,57,Olenolin,Wakeman,owakeman1k@mapy.cz,15/12/2023,Centro
57,58,Hilarius,Abad,habad1l@wisc.edu,30/09/2023,Buenos Aires
58,59,Morse,Peters,mpeters1m@sitemeter.com,24/04/2023,Centro
59,60,Lisabeth,Murty,lmurty1n@google.it,17/04/2023,NEA
60,61,Flore,Astlatt,fastlatt1o@discovery.com,17/11/2023,Buenos Aires
61,62,Paula,Gittins,pgittins1p@quantcast.com,14/09/2023,NEA
62,63,Yule,Bruin,ybruin1q@senate.gov,30/11/2023,Buenos Aires
63,64,Randolph,Collicott,rcollicott1r@miibeian.gov.cn,18/10/2023,NEA
64,65,Lillian,Jizhaki,ljizhaki1s@squidoo.com,29/06/2023,Buenos Aires
65,66,Regan,Crocetti,rcrocetti1t@csmonitor.com,24/03/2023,Buenos Aires
66,67,Avigdor,Gorey,agorey1u@tmall.com,19/12/2023,NEA
67,68,Miriam,Domerque,mdomerque1v@blogspot.com,20/07/2023,Patagonia
68,69,Ham,Rapley,hrapley1w@meetup.com,19/05/2023,Cuyo
69,70,Drugi,Hancill,dhancill1x@senate.gov,19/07/2023,Centro
70,71,Colly,Blucher,cblucher1y@youtube.com,02/05/2023,Buenos Aires
71,72,Amby,Maltby,amaltby1z@phoca.cz,28/10/2023,Centro
72,73,Akim,Cruz,acruz20@photobucket.com,20/03/2023,Centro
73,74,Huey,Stead,hstead21@vinaora.com,05/05/2023,Patagonia
74,75,Roma,Battill,rbattill22@ask.com,26/12/2023,NEA
75,76,Marlowe,Bidgod,mbidgod23@nationalgeographic.com,12/07/2023,Centro
76,77,Mickie,Dellar,mdellar24@meetup.com,29/10/2023,Buenos Aires
77,78,Gabbi,Harnell,gharnell25@tiny.cc,25/09/2023,Buenos Aires
78,79,Valentin,Coard,vcoard26@mayoclinic.com,11/07/2023,Patagonia
79,80,Aubry,Stille,astille27@bing.com,19/12/2023,NEA
80,81,Cthrine,Waltho,cwaltho28@sfgate.com,08/05/2023,Buenos Aires
81,82,Adham,Leebeter,aleebeter29@dedecms.com,06/11/2023,Buenos Aires
82,83,Nelia,MacGow,nmacgow2a@ibm.com,14/09/2023,Buenos Aires
83,84,Stefan,Peddel,speddel2b@biblegateway.com,16/11/2023,Buenos Aires
84,85,Curran,Macari,cmacari2c@arizona.edu,02/04/2023,Cuyo
85,86,Anjela,Villaron,avillaron2d@eventbrite.com,04/04/2023,Patagonia
86,87,Aeriel,Garahan,agarahan2e@sfgate.com,22/08/2023,Patagonia
87,88,Joan,Broxis,jbroxis2f@t.co,06/12/2023,Patagonia
88,89,Tawsha,Olle,tolle2g@bizjournals.com,03/04/2023,Patagonia
89,90,Pinchas,Stollsteiner,pstollsteiner2h@hostgator.com,09/08/2023,Buenos Aires
90,91,Haley,Fain,hfain2i@illinois.edu,16/05/2023,Buenos Aires
91,92,Vivianna,Foulcher,vfoulcher2j@pen.io,05/10/2023,Patagonia
92,93,Gay,Allans,gallans2k@simplemachines.org,02/06/2023,Buenos Aires
93,94,Cy,Doreward,cdoreward2l@so-net.ne.jp,28/09/2023,Centro
94,95,Anne-marie,Kildahl,akildahl2m@csmonitor.com,26/05/2023,Buenos Aires
95,96,Anallise,Iacopini,aiacopini2n@ihg.com,08/08/2023,Buenos Aires
96,97,Judah,Dan,jdan2o@pagesperso-orange.fr,04/04/2023,Buenos Aires
97,98,Lin,Godard,lgodard2p@ihg.com,20/11/2023,Centro
98,99,Georgia,McAlpine,gmcalpine2q@de.vu,09/08/2023,Buenos Aires
99,100,Orv,Hun,ohun2r@goo.gl,24/07/2023,NEA
100,101,Vannie,Kennermann,vkennermann2s@blogtalkradio.com,22/10/2023,Buenos Aires
101,102,Seana,Radbone,sradbone2t@clickbank.net,14/05/2023,Patagonia
102,103,Adina,Cleugh,acleugh2u@springer.com,16/09/2023,Patagonia
103,104,Serena,Wison,swison2v@upenn.edu,10/05/2023,Buenos Aires
104,105,Yelena,Gaytor,ygaytor2w@tinyurl.com,04/06/2023,Buenos Aires
105,106,Benedikta,Condon,bcondon2x@paypal.com,23/06/2023,NEA
106,107,Gretna,Kirwin,gkirwin2y@bloglines.com,11/07/2023,Patagonia
107,108,Riley,Obey,robey2z@ucsd.edu,04/06/2023,Patagonia
108,109,Andie,Arundale,aarundale30@mapquest.com,28/08/2023,Cuyo
109,110,Joeann,Muirden,jmuirden31@ameblo.jp,14/06/2023,NEA
110,111,Ave,Purchon,apurchon32@cbc.ca,21/03/2023,Cuyo
111,112,Ellie,Lockey,elockey33@mozilla.org,19/12/2023,NEA
112,113,Phip,Altree,paltree34@indiatimes.com,28/07/2023,Buenos Aires
113,114,Fabien,Roskam,froskam35@desdev.cn,11/04/2023,Centro
114,115,Reyna,Pontefract,rpontefract36@yellowbook.com,14/11/2023,Cuyo
115,116,Hedda,Garbott,hgarbott37@noaa.gov,14/07/2023,Buenos Aires
116,117,Ginnie,Saben,gsaben38@shop-pro.jp,23/10/2023,NOA
117,118,Dallon,Hedworth,dhedworth39@samsung.com,30/07/2023,Centro
118,119,Chase,Rayner,crayner3a@netvibes.com,24/11/2023,Patagonia
119,120,Baxter,Ritmeier,britmeier3b@alibaba.com,15/09/2023,Buenos Aires
120,121,Mead,Brandin,mbrandin3c@purevolume.com,18/09/2023,Cuyo
121,122,Kerr,Whitesel,kwhitesel3d@indiatimes.com,28/05/2023,Centro
122,123,Reggie,Thorwarth,rthorwarth3e@blog.com,24/10/2023,Patagonia
123,124,Rustie,Astlet,rastlet3f@globo.com,03/09/2023,NEA
124,125,Minette,Alchin,malchin3g@census.gov,19/11/2023,Patagonia
125,126,Glory,Hedling,ghedling3h@dagondesign.com,20/07/2023,Cuyo
126,127,Jarrod,Askham,jaskham3i@lulu.com,13/10/2023,Buenos Aires
127,128,Becka,Grinval,bgrinval3j@vkontakte.ru,02/12/2023,Buenos Aires
128,129,Colby,Kalderon,ckalderon3k@earthlink.net,19/03/2023,Patagonia
129,130,Lori,Oram,loram3l@narod.ru,08/09/2023,Buenos Aires
130,131,Corby,Lothlorien,clothlorien3m@nhs.uk,08/07/2023,Buenos Aires
131,132,Cassie,Corish,ccorish3n@virginia.edu,14/12/2023,Buenos Aires
132,133,Peggi,Sainsbury-Brown,psainsburybrown3o@amazon.co.uk,16/07/2023,Buenos Aires
133,134,Zora,Halvosen,zhalvosen3p@acquirethisname.com,03/08/2023,Cuyo
134,135,Burgess,Hawken,bhawken3q@patch.com,15/11/2023,Cuyo
135,136,Silvana,Jellard,sjellard3r@blogspot.com,31/03/2023,Patagonia
136,137,Danica,McKerron,dmckerron3s@illinois.edu,01/10/2023,Patagonia
137,138,Osborn,Pogue,opogue3t@51.la,09/04/2023,Buenos Aires
138,139,Pamella,Asker,pasker3u@chron.com,09/05/2023,Buenos Aires
139,140,Estrella,Hoggins,ehoggins3v@homestead.com,10/10/2023,NEA
140,141,Adena,Skirvane,askirvane3w@shareasale.com,22/03/2023,NEA
141,142,Lisette,Salle,lsalle3x@geocities.com,08/05/2023,Cuyo
142,143,Gabriell,Ralton,gralton3y@wsj.com,14/11/2023,Buenos Aires
143,144,Maribeth,Hearon,mhearon3z@who.int,16/06/2023,NEA
144,145,Eugenius,Bowness,ebowness40@imgur.com,08/04/2023,Buenos Aires
145,146,Shea,Castanaga,scastanaga41@geocities.jp,04/11/2023,Cuyo
146,147,Temp,Gerlts,tgerlts42@mtv.com,14/11/2023,Cuyo
147,148,Nadeen,Du Pre,ndupre43@goo.gl,19/03/2023,Centro
148,149,Joell,Abbey,jabbey44@ucoz.com,16/11/2023,Cuyo
149,150,Eben,Riche,eriche45@icq.com,03/06/2023,Buenos Aires
150,151,Lance,Dungey,ldungey46@comcast.net,25/08/2023,Buenos Aires
151,152,Lora,Mantione,lmantione47@wikispaces.com,27/08/2023,NOA
152,153,Merola,Sketcher,msketcher48@dropbox.com,29/09/2023,Cuyo
153,154,Abagail,Wetherby,awetherby49@free.fr,04/10/2023,Patagonia
154,155,Sadie,Linwood,slinwood4a@miibeian.gov.cn,18/12/2023,Cuyo
155,156,Giulia,Rudinger,grudinger4b@alibaba.com,26/10/2023,Patagonia
156,157,Lammond,McCaskill,lmccaskill4c@sciencedirect.com,22/05/2023,Patagonia
157,158,Art,Van der Velde,avandervelde4d@infoseek.co.jp,02/05/2023,Buenos Aires
158,159,Cyril,Pischel,cpischel4e@comsenz.com,11/04/2023,NEA
159,160,Tedmund,Etheridge,tetheridge4f@flavors.me,06/12/2023,Centro
160,161,Effie,Schrinel,eschrinel4g@elegantthemes.com,10/11/2023,Patagonia
161,162,Libbie,Faircliffe,lfaircliffe4h@addtoany.com,23/10/2023,Patagonia
162,163,Bryanty,Smurfitt,bsmurfitt4i@bing.com,01/07/2023,Buenos Aires
163,164,Tybie,Kemster,tkemster4j@sfgate.com,11/12/2023,Centro
164,165,Tricia,Gimert,tgimert4k@deviantart.com,21/05/2023,Buenos Aires
165,166,Minta,Sickling,msickling4l@prlog.org,27/08/2023,NEA
166,167,Audi,Kretchmer,akretchmer4m@mit.edu,25/10/2023,Buenos Aires
167,168,Josephina,Humbee,jhumbee4n@cornell.edu,26/07/2023,Centro
168,169,Carlyle,McWhirter,cmcwhirter4o@cyberchimps.com,19/03/2023,Centro
169,170,Cchaddie,Dametti,cdametti4p@posterous.com,24/09/2023,Centro
170,171,Vladimir,Orrill,vorrill4q@youku.com,03/04/2023,Cuyo
171,172,Eulalie,Vedeshkin,evedeshkin4r@nytimes.com,19/03/2023,Buenos Aires
172,173,Alisander,Raecroft,araecroft4s@mediafire.com,07/05/2023,Patagonia
173,174,Darda,Tarr,dtarr4t@ca.gov,31/08/2023,Patagonia
174,175,Caron,Raddon,craddon4u@seattletimes.com,14/09/2023,Buenos Aires
175,176,Asa,Lamplugh,alamplugh4v@noaa.gov,24/09/2023,NEA
176,177,Irvin,Normanville,inormanville4w@amazon.co.uk,25/08/2023,NEA
177,178,Val,Damarell,vdamarell4x@google.nl,17/09/2023,Patagonia
178,179,Constantina,Grimm,cgrimm4y@cbsnews.com,25/07/2023,Buenos Aires
179,180,Audra,Bleakley,ableakley4z@oakley.com,03/05/2023,Buenos Aires
180,181,Isaak,Seyers,iseyers50@arizona.edu,16/08/2023,Patagonia
181,182,Bel,Geeritz,bgeeritz51@noaa.gov,01/09/2023,Centro
182,183,Bren,Szreter,bszreter52@youtube.com,25/05/2023,Patagonia
183,184,Winne,Coaker,wcoaker53@seattletimes.com,23/11/2023,Buenos Aires
184,185,Jody,Ianelli,jianelli54@networkadvertising.org,01/08/2023,Centro
185,186,Gabie,Pawel,gpawel55@mit.edu,05/12/2023,Patagonia
186,187,Gay,Elvin,gelvin56@exblog.jp,27/11/2023,Buenos Aires
187,188,Libbey,Carefull,lcarefull57@google.ca,09/04/2023,Cuyo
188,189,Say,Stanistreet,sstanistreet58@google.de,18/07/2023,Patagonia
189,190,Derwin,Fuzzard,dfuzzard59@mashable.com,21/03/2023,NEA
190,191,Dominik,Alejandro,dalejandro5a@google.co.uk,14/12/2023,Centro
191,192,Dyan,Marquis,dmarquis5b@vk.com,21/03/2023,Cuyo
192,193,Harlan,Andrzej,handrzej5c@over-blog.com,16/11/2023,Buenos Aires
193,194,Kendra,Emor,kemor5d@wp.com,20/10/2023,Buenos Aires
194,195,Keene,Cayley,kcayley5e@opensource.org,18/10/2023,Centro
195,196,Arther,Meynell,ameynell5f@sun.com,02/06/2023,Cuyo
196,197,Hermon,Forman,hforman5g@home.pl,15/11/2023,Cuyo
197,198,Raviv,Winson,rwinson5h@omniture.com,07/09/2023,NOA
198,199,Enrique,Grove,egrove5i@usnews.com,13/11/2023,Buenos Aires
199,200,Cristobal,Gorick,cgorick5j@bluehost.com,08/09/2023,Centro
200,201,Ros,Chrstine,rchrstine5k@soundcloud.com,04/12/2023,Patagonia
201,202,Viola,Wyke,vwyke5l@apache.org,10/11/2023,NEA
202,203,Rafaellle,Jayes,rjayes5m@ameblo.jp,02/10/2023,Buenos Aires
203,204,Di,Kasper,dkasper5n@symantec.com,06/06/2023,Patagonia
204,205,Brenda,Utterson,butterson5o@webeden.co.uk,29/04/2023,Patagonia
205,206,Madeleine,Toretta,mtoretta5p@abc.net.au,10/05/2023,NEA
206,207,Gussi,Paslow,gpaslow5q@europa.eu,17/06/2023,Buenos Aires
207,208,Frederique,Bartholomaus,fbartholomaus5r@vkontakte.ru,21/04/2023,Buenos Aires
208,209,Burr,Jiricka,bjiricka5s@icq.com,25/10/2023,Buenos Aires
209,210,Hendrika,Smylie,hsmylie5t@sbwire.com,16/12/2023,Centro
210,211,Lilli,Hayers,lhayers5u@alibaba.com,08/09/2023,Centro
211,212,Justin,Featherstonehaugh,jfeatherstonehaugh5v@e-recht24.de,13/10/2023,Buenos Aires
212,213,Cornelia,Alberti,calberti5w@ibm.com,28/11/2023,Centro
213,214,Pippy,Pirot,ppirot5x@t-online.de,04/05/2023,Patagonia
214,215,Addison,Trask,atrask5y@goo.ne.jp,10/08/2023,NEA
215,216,Tandie,Arrowsmith,tarrowsmith5z@arizona.edu,11/11/2023,Centro
216,217,Derrick,Giraldo,dgiraldo60@cdbaby.com,08/09/2023,Centro
217,218,Ingeborg,Downey,idowney61@hexun.com,23/10/2023,Centro
218,219,Obediah,Clineck,oclineck62@accuweather.com,27/04/2023,Patagonia
219,220,Ilyssa,Camus,icamus63@cnn.com,29/05/2023,Centro
220,221,Hildagarde,Mouton,hmouton64@indiatimes.com,09/06/2023,Buenos Aires
221,222,Connor,Simoneton,csimoneton65@adobe.com,09/09/2023,Centro
222,223,Lenette,Muldoon,lmuldoon66@mozilla.com,10/08/2023,Buenos Aires
223,224,Katey,Gritland,kgritland67@odnoklassniki.ru,25/09/2023,Cuyo
224,225,Charlton,Amphlett,camphlett68@dailymotion.com,13/11/2023,Buenos Aires
225,226,Jerry,Beiderbecke,jbeiderbecke69@arizona.edu,26/11/2023,Patagonia
226,227,Falkner,Heggs,fheggs6a@buzzfeed.com,31/05/2023,Buenos Aires
227,228,Griff,Kearey,gkearey6b@ebay.co.uk,28/12/2023,Centro
228,229,Angy,Quiney,aquiney6c@state.gov,12/11/2023,Cuyo
229,230,Alvira,Gimber,agimber6d@ning.com,28/12/2023,Centro
230,231,Rani,Chattelaine,rchattelaine6e@list-manage.com,13/12/2023,Patagonia
231,232,Truda,Staddon,tstaddon6f@ox.ac.uk,20/06/2023,Buenos Aires
232,233,Stefania,Jephson,sjephson6g@jigsy.com,18/11/2023,Centro
233,234,Christopher,Bootland,cbootland6h@usnews.com,30/09/2023,Buenos Aires
234,235,Cloe,Brun,cbrun6i@theglobeandmail.com,11/12/2023,NEA
235,236,Ignacio,Klimashevich,iklimashevich6j@xinhuanet.com,21/09/2023,Buenos Aires
236,237,Nikki,Dalgetty,ndalgetty6k@berkeley.edu,10/05/2023,Buenos Aires
237,238,Kaine,Jasper,kjasper6l@drupal.org,26/09/2023,Buenos Aires
238,239,Herbie,Puttick,hputtick6m@hc360.com,01/04/2023,Buenos Aires
239,240,Lara,Skedgell,lskedgell6n@deviantart.com,04/11/2023,Buenos Aires
240,241,Jeremiah,Cosgrave,jcosgrave6o@ning.com,11/06/2023,Buenos Aires
241,242,Eben,Hellens,ehellens6p@moonfruit.com,12/09/2023,NEA
242,243,Gerta,Shervington,gshervington6q@hao123.com,15/05/2023,Buenos Aires
243,244,Francesca,Barter,fbarter6r@fc2.com,09/10/2023,Buenos Aires
244,245,Ortensia,Ruppeli,oruppeli6s@paypal.com,04/07/2023,NEA
245,246,Almira,Zottoli,azottoli6t@prweb.com,28/09/2023,NEA
246,247,Silvio,Butterfield,sbutterfield6u@seattletimes.com,19/07/2023,Buenos Aires
247,248,Benito,Craythorne,bcraythorne6v@bloomberg.com,03/07/2023,Centro
248,249,Dilly,Gaveltone,dgaveltone6w@oracle.com,02/08/2023,Buenos Aires
249,250,Stacy,Scading,sscading6x@google.co.jp,22/08/2023,Centro
250,251,Cristian,Micka,cmicka6y@paginegialle.it,28/04/2023,Centro
251,252,Emmalynne,Chew,echew6z@smh.com.au,01/11/2023,Patagonia
252,253,Alastair,Scedall,ascedall70@purevolume.com,01/05/2023,Buenos Aires
253,254,Dunc,Battersby,dbattersby71@salon.com,10/11/2023,Patagonia
254,255,Merry,Zoren,mzoren72@webeden.co.uk,12/12/2023,Buenos Aires
255,256,Felita,Duny,fduny73@narod.ru,17/12/2023,Buenos Aires
256,257,Amalie,Persitt,apersitt74@paypal.com,15/10/2023,NEA
257,258,Izabel,Starten,istarten75@pen.io,28/05/2023,Centro
258,259,Nobe,Van Hault,nvanhault76@dion.ne.jp,15/10/2023,Cuyo
259,260,Cyrille,Mulligan,cmulligan77@gravatar.com,26/07/2023,Buenos Aires
260,261,Carlita,McArdell,cmcardell78@gmpg.org,24/12/2023,NOA
261,262,Cairistiona,Trevan,ctrevan79@xrea.com,21/04/2023,Buenos Aires
262,263,Onfre,Burdekin,oburdekin7a@wordpress.org,29/03/2023,Buenos Aires
263,264,Vivien,Demeza,vdemeza7b@addtoany.com,19/04/2023,Buenos Aires
264,265,Valeria,Tyres,vtyres7c@ebay.co.uk,12/06/2023,Centro
265,266,Tabbie,Hintzer,thintzer7d@canalblog.com,28/10/2023,Buenos Aires
266,267,Marielle,Mickelwright,mmickelwright7e@behance.net,05/11/2023,Centro
267,268,Thom,Gantzer,tgantzer7f@state.gov,07/05/2023,NOA
268,269,Merill,Gogin,mgogin7g@whitehouse.gov,15/09/2023,Centro
269,270,Davide,Dukes,ddukes7h@slideshare.net,12/11/2023,Cuyo
270,271,Lotta,Matteacci,lmatteacci7i@tripod.com,17/10/2023,Patagonia
271,272,Nikki,Phillipson,nphillipson7j@fema.gov,10/11/2023,Buenos Aires
272,273,Miller,Cazereau,mcazereau7k@squarespace.com,16/07/2023,Cuyo
273,274,Darby,Gerasch,dgerasch7l@usatoday.com,08/07/2023,Buenos Aires
274,275,Perrine,Enstone,penstone7m@nationalgeographic.com,14/04/2023,Buenos Aires
275,276,Bel,McQueen,bmcqueen7n@goo.ne.jp,30/03/2023,Patagonia
276,277,Pippy,Hearne,phearne7o@goo.ne.jp,18/07/2023,Patagonia
277,278,Rouvin,Ohrt,rohrt7p@devhub.com,21/08/2023,Centro
278,279,Benito,Weall,bweall7q@marriott.com,29/11/2023,Centro
279,280,Keriann,Doore,kdoore7r@hibu.com,11/12/2023,Centro
280,281,Issie,Hendonson,ihendonson7s@google.de,02/04/2023,Buenos Aires
281,282,Lowrance,Coward,lcoward7t@telegraph.co.uk,10/06/2023,Centro
282,283,Lincoln,Kennermann,lkennermann7u@barnesandnoble.com,03/05/2023,Buenos Aires
283,284,Vanna,Milliken,vmilliken7v@redcross.org,15/07/2023,NOA
284,285,Red,Cutmare,rcutmare7w@woothemes.com,12/08/2023,Patagonia
285,286,Mikael,Freckingham,mfreckingham7x@wordpress.com,07/10/2023,Centro
286,287,Son,Klesse,sklesse7y@sohu.com,13/11/2023,NEA
287,288,Leoline,Hessel,lhessel7z@umn.edu,26/10/2023,Buenos Aires
288,289,Fran,McCullen,fmccullen80@myspace.com,28/11/2023,Cuyo
289,290,Melinda,Water,mwater81@huffingtonpost.com,20/09/2023,Buenos Aires
290,291,Kean,Devoy,kdevoy82@sphinn.com,05/11/2023,NEA
291,292,Larisa,Eustace,leustace83@shutterfly.com,26/05/2023,Patagonia
292,293,Sebastian,Portman,sportman84@dmoz.org,09/07/2023,Patagonia
293,294,Alon,Gorch,agorch85@nifty.com,27/12/2023,Centro
294,295,Denise,Domsalla,ddomsalla86@nih.gov,02/10/2023,Cuyo
295,296,Christean,Branigan,cbranigan87@dmoz.org,28/07/2023,Buenos Aires
296,297,Hadleigh,McGilben,hmcgilben88@typepad.com,20/09/2023,Buenos Aires
297,298,Osborne,Bruton,obruton89@oracle.com,24/07/2023,Buenos Aires
298,299,Simone,Tonkes,stonkes8a@exblog.jp,31/10/2023,Cuyo
299,300,Marilin,Lodin,mlodin8b@shop-pro.jp,25/08/2023,NEA
300,301,Nannie,Toseland,ntoseland8c@typepad.com,31/10/2023,Cuyo
301,302,Ferris,Duggan,fduggan8d@ebay.co.uk,24/07/2023,Patagonia
302,303,Sorcha,Leaver,sleaver8e@tripod.com,08/05/2023,Centro
303,304,Arch,Jurasz,ajurasz8f@e-recht24.de,30/04/2023,Cuyo
304,305,Karyn,Foucard,kfoucard8g@furl.net,04/05/2023,Patagonia
305,306,Donna,Zamora,dzamora8h@mit.edu,11/06/2023,Cuyo
306,307,Shelba,Elcombe,selcombe8i@ustream.tv,01/04/2023,Cuyo
307,308,Robin,Shelp,rshelp8j@ebay.co.uk,06/11/2023,Centro
308,309,Aggy,Warman,awarman8k@prnewswire.com,31/08/2023,Centro
309,310,Kenyon,Grain,kgrain8l@t.co,09/11/2023,Patagonia
310,311,Sebastien,Tunesi,stunesi8m@ox.ac.uk,26/12/2023,Buenos Aires
311,312,Gabie,Late,glate8n@walmart.com,03/08/2023,Cuyo
312,313,Jeralee,Mccaull,jmccaull8o@uol.com.br,14/07/2023,Cuyo
313,314,Abelard,Bassett,abassett8p@google.fr,10/04/2023,Patagonia
314,315,Anastasia,Craighill,acraighill8q@hhs.gov,18/06/2023,Buenos Aires
315,316,Glyn,Hourston,ghourston8r@umich.edu,13/10/2023,Centro
316,317,Ricard,Dupoy,rdupoy8s@domainmarket.com,01/06/2023,NEA
317,318,Gustave,Chatainier,gchatainier8t@house.gov,31/03/2023,Buenos Aires
318,319,Byrle,Crinidge,bcrinidge8u@live.com,10/05/2023,Patagonia
319,320,Aubert,Caddie,acaddie8v@reference.com,08/11/2023,Centro
320,321,Bent,Auld,bauld8w@odnoklassniki.ru,27/10/2023,Cuyo
321,322,Hugh,Ortelt,hortelt8x@google.com.hk,19/11/2023,NEA
322,323,Issiah,Schoales,ischoales8y@twitter.com,21/11/2023,Centro
323,324,Nalani,Steggals,nsteggals8z@nhs.uk,01/09/2023,NEA
324,325,Rowland,Riddington,rriddington90@friendfeed.com,16/06/2023,NEA
325,326,Friedrick,Paulucci,fpaulucci91@arstechnica.com,21/06/2023,Cuyo
