TIPO,OBSERVACION
Libre,
Libre,
Libre,El recurso se encuentra junto a la carretera que conduce al mirador Yurac Urco y no existe boletería o control alguno
"Previa presentación de boleto o ticket(especificar tarifa:niños, adultos, estudiantes, etc)",Compra de boleto para acceso a tres atractivos turísticos. Entrada general: S/5.00
"Previa presentación de boleto o ticket(especificar tarifa:niños, adultos, estudiantes, etc)","Se paga el ingreso al pueblo de Queropalca, S/. 40.00 Extranjeros y S/. 30.00 Nacionales. Monto único para visitar los recursos que se encuentran dentro de la reserva."
"Previa presentación de boleto o ticket(especificar tarifa:niños, adultos, estudiantes, etc)","El ingreso al recurso se paga en Queropalca con tarifa única de S/40, mientras que el acceso al campamento cuesta S/25 para nacionales y S/30 para extranjeros, pago en la comunidad de Quishuarcancha."
Libre,
Libre,
Libre,
Libre,
Semi-restringido(previo permiso),Previa coordinación con la persona responsable de la vigilancia del templo.
Semi-restringido(previo permiso),En la puerta esta el número del responsable del templo para que puedan ingresar.
"Previa presentación de boleto o ticket(especificar tarifa:niños, adultos, estudiantes, etc)",Locales: S/. 5.00 Nacionales y extranjeros: S/. 10.00
"Previa presentación de boleto o ticket(especificar tarifa:niños, adultos, estudiantes, etc)",Adultos : S/.5.00 Estudiantes de educación superior : S/.2.00 Estudiantes de educación escolar : S/.1.00
Libre,
Libre,
Libre,
"Previa presentación de boleto o ticket(especificar tarifa:niños, adultos, estudiantes, etc)","Costo del ticket es de S/1.00, para los niños y adultos. Los niños menores de 5 años ingresan gratis."
Semi-restringido(previo permiso),Presentar una solicitud dirigida a la Jefatura de Área a través de la mesa virtual: https:mesadepartesvirtual.sernanp.gob.pe
Libre,Recoger y retornar los desperdicios que se puedan generar durante la visita. Evitar la contaminación auditiva que pueda ahuyentar o molestar a las aves de la zona.
Libre,Sin restricciones
Libre,"Se recomienda llevar bloqueador solar, lentes de sol , agua,y repelente"
Libre,"Se recomienda llevar gorro, bloqueador solar, agua, lentes de sol y repelente"
Libre,
Libre,De lunes a viernes. Fines de semana previa coordinación con el Área de Imagen Institucional y Turismo de la Municipalidad del CP San Lucas de Colán.
Libre,"Importante especificar que solo combis llegan a la playa en enero,febrero, marzo, fuera de temporada solo es posible llegar por un auto particular"
"Previa presentación de boleto o ticket(especificar tarifa:niños, adultos, estudiantes, etc)",Costo de ingreso: Niños/as: S/ 2. 00 Adultos/as: S/ 5. 00 Estudiantes: S/ 2. 00 Extranjeros: S/ 5. 00
"Previa presentación de boleto o ticket(especificar tarifa:niños, adultos, estudiantes, etc)","El precio general de entrada es de S/ 5.00 la misma tendrá que ser adquirido en el parador turístico numparket, no se cuenta con precios diferenciados."
Libre,"Se recomienda coordinar con la municipalidad de Yamón, para gestionar el ingreso o comunicarse al celular 973732408 con la Sra. Marisol Fernández Sigueñas."
"Previa presentación de boleto o ticket(especificar tarifa:niños, adultos, estudiantes, etc)","Tarifa general: S./ 5.00, adultos mayores de 65 años, no pagan."
Libre,
"Previa presentación de boleto o ticket(especificar tarifa:niños, adultos, estudiantes, etc)",Entrada general S/ 5.00
"Previa presentación de boleto o ticket(especificar tarifa:niños, adultos, estudiantes, etc)",Entrada general S/ 10.00 soles
"Previa presentación de boleto o ticket(especificar tarifa:niños, adultos, estudiantes, etc)",Adultos:10.00-Estudiantes:5.00-Niños:1.00
Libre,Lunes a domingo
NA,NA
"Previa presentación de boleto o ticket(especificar tarifa:niños, adultos, estudiantes, etc)","Costo adultos: 10, estudiantes:5, niños: 1"
"Previa presentación de boleto o ticket(especificar tarifa:niños, adultos, estudiantes, etc)","Adultos: s/ 10.00 Universitarios: s/ 5.00 Niños, escolares: s/ 1.00 Jubilados: s/ 5.00"
Libre,
Libre,
Libre,"Llevar zapatillas de caminata, gorra o sombrero, bloqueador. En caso de ingresar con mascotas, tienen que llevar correa y bolsas para el recojo de sus heces."
"Previa presentación de boleto o ticket(especificar tarifa:niños, adultos, estudiantes, etc)",*EL INGRESO AL MUELLE TIENE UNA TARIFA DE S/2.00 POR PERSONA *LOS PASEOS EN BOTE O PEDALONES TIENEN UN COSTO DE S/5.00 POR PERSONA
Libre,
NA,NA
Libre,
Libre,
NA,NA
Libre,
"Previa presentación de boleto o ticket(especificar tarifa:niños, adultos, estudiantes, etc)",Costo de ingreso: S/.2.00 y con guía S/25.00
"Previa presentación de boleto o ticket(especificar tarifa:niños, adultos, estudiantes, etc)",Adulto S/ 3.00 -Niño S/ 1.00 - Extranjero S/. 10.00
"Previa presentación de boleto o ticket(especificar tarifa:niños, adultos, estudiantes, etc)",Adultos S/ 6.00 - Niños de 5 a 11 años S/ 3.00 - Menores de 5 año no pagan ingreso.
NA,NA
NA,NA
Libre,
Semi-restringido(previo permiso),El ingreso es con previo permiso en el área de recepción al número de celular 965834759 con el administrador Oscar Fang.
Libre,
"Previa presentación de boleto o ticket(especificar tarifa:niños, adultos, estudiantes, etc)",Niños: s/3.00 Adultos: s/5.00 Extranjeros: s/10.00
"Previa presentación de boleto o ticket(especificar tarifa:niños, adultos, estudiantes, etc)",Niños de 4 a 11 años: s/5.00 Personas de 12 a 64 años: s/10.00 Extranjeros: s/15.00
Libre,Lunes - Domingo
"Previa presentación de boleto o ticket(especificar tarifa:niños, adultos, estudiantes, etc)#Libre","Tarifa general: S/.8.00 - Especial: S/ 4.00, Estudiantes S/ 3.00, Escolares: S/.1.50#Primer domingo de cada mes, ingreso libre para los peruanos y residentes previa presentación de DNI Para menores de 18 años por todo el 2024"
NA,NA
Libre,
"Previa presentación de boleto o ticket(especificar tarifa:niños, adultos, estudiantes, etc)",Entrada general S/. 1.00
NA,NA
"Previa presentación de boleto o ticket(especificar tarifa:niños, adultos, estudiantes, etc)#Libre","General S/ 8.00 - Estudiantes universitaria o técnica S/ 4.00 - Adultos mayores de 60 años, personas en servicio militar voluntario y profesores 50% de descuento sobre el valor de la entrada de adulto#- Menores de edad, según R.M. N° 000092-2024-MC - 1er domingo de cada mes, 18 de Mayo (Dia Internacional de los Museos) y 19 de Setiembre (aniversario del Museo) - En 2024 personas con discapacidad."
Semi-restringido(previo permiso),"Previa autorización SERNAMP, Ing. Carolina Guevara Molina - cel 968218439"
Libre,
"Previa presentación de boleto o ticket(especificar tarifa:niños, adultos, estudiantes, etc)",• Adultos: S/15.00 • Estudiantes / Universitarios: S/ 10.00 • Niños: S/3.00 (incluye taza de café) Capacidad para 30 personas.
Libre,
NA,NA
Libre,
Libre,
Libre,
"Previa presentación de boleto o ticket(especificar tarifa:niños, adultos, estudiantes, etc)","Costo de ingreso por un día. •Extranjero: s/. 30.00. •Nacional: Adultos s/. 15.00, Niños de 5 a 17 años: S/. 5.00 • Local: Adultos s/. 5.00 y, Niños de 5 a 17 años: S/. 3.00"
Libre,
Otros (especificar),"El acceso al recinto de la casa se encuentra restringido con la finalidad de preservar su valor cultural e histórico; afortunadamente, la arquitectura y diseño se pueden apreciar desde el exterior."
Semi-restringido(previo permiso),Previa coordinación al correo electrónico parroquiaquillazu@gmail.com
Libre,
"Previa presentación de boleto o ticket(especificar tarifa:niños, adultos, estudiantes, etc)",Tarifa : s/. 3.00 adultos s/. 2.00 niños
"Previa presentación de boleto o ticket(especificar tarifa:niños, adultos, estudiantes, etc)","Adultos S/. 7.00; universitarios y docentes S/. 5.00 y escolares S/. 2.00 La visita al museo forma parte del recorrido turístico del Monumento Arqueológico de Sechín, ya que ambos pueden ser apreciado"
"Previa presentación de boleto o ticket(especificar tarifa:niños, adultos, estudiantes, etc)",Adultos S/. 7.00; universitarios y docentes S/. 5.00 y escolares S/. 2.00
"Previa presentación de boleto o ticket(especificar tarifa:niños, adultos, estudiantes, etc)","El costo para Adultos es de S/. 8.00 nuevos soles, estudiantes de nivel superior, docentes y jubilados S/.4.00 y niño escolar 1 nuevos soles."
Semi-restringido(previo permiso),"Ticket de ingreso: Adultos: 15.00 (quince nuevos soles), incluye visita turística guiada, coctel de bienvenida y degustación de vinos y piscos. Niños de 12 a 17 años de edad: 5.00 (cinco nuevos soles)"
Libre,
Libre,El ingreso libre es dentro del Ambiente Urbano Monumental
Semi-restringido(previo permiso),"El ingreso a la bodega es previa reservación, puede comunicarse al cel. 973 623747 o enviar un correo a: admi_hotel@ocucaje.com erosero@ocucaje.com"
Libre,
Libre,
"Previa presentación de boleto o ticket(especificar tarifa:niños, adultos, estudiantes, etc)",El tour guiado dura aproximadamente 45 min a 1 hora (solo guiado en español) Tarifa normal: Adultos S/ 30.00 Niños S/ 10.00 Adultos mayores S/ 15.00 (65 años a más) Feriados: Adultos S/ 40.00 Niños
Libre,
NA,NA
Libre,Registrase en el punto de control.
Libre,
"Previa presentación de boleto o ticket(especificar tarifa:niños, adultos, estudiantes, etc)","El costo de Ingreso es: Adulto S/. 3.00 Soles, estudiantes con carnet 2.00 soles, jubilados 2.00 soles y escolares 1.00 sol."
"Previa presentación de boleto o ticket(especificar tarifa:niños, adultos, estudiantes, etc)","Adulto: 10 soles, niños: 5 soles"
Libre,
"Previa presentación de boleto o ticket(especificar tarifa:niños, adultos, estudiantes, etc)","Se paga una tasa aérea de 30 nuevos soles, el derecho al circuito aéreo cuesta 47 soles, el costo del sobrevuelo por packs fluctúa entre los 70 y 120 dólares."
"Previa presentación de boleto o ticket(especificar tarifa:niños, adultos, estudiantes, etc)",Tarifa Nacional y Extranjero (Válido Por Un Día) • Adultos: S/. 11.00 • Menores: S/ 3.00 Tarifa Local – Región Ica (Válido Por un Día) • Adultos: S/. 5.00 • Menores: S/. 3.00
Libre,
Libre,No cuenta con monitoreo de ingreso de los visitantes
Libre,libre
Semi-restringido(previo permiso),El acceso turístico al exconvento actualmente es restringido. El edificio se encuentra en estado proceso de estudios para restauración.
Libre,
Libre,
Libre,Lunes-viernes de 11.00 am -12.00pm Sabados - domingos 7.00 am- 10.00 am y 7.00pm.
Libre,Libre
"Previa presentación de boleto o ticket(especificar tarifa:niños, adultos, estudiantes, etc)","Tickets en el área de boletería: Adultos (S/ 8.00), medio nacional (S/ 3.00), niños (S/ 1.00), servicio de guiado (S/ 50.00). Ingreso libre: 1er domingo de cada mes, Aniversario del Museo, día Interna"
Libre,
Libre,"Llevar agua, gorro, bloqueador solar, lentes de sol, ropa y calzado adecuado de verano. Tomar en cuenta las indicaciones de Capitania de Pimentel, respecto a los niveles del oleaje."
NA,NA
Libre,
"Previa presentación de boleto o ticket(especificar tarifa:niños, adultos, estudiantes, etc)#Libre",- Extranjero: Adulto y niño S/ 30.00 - Nacional: Adulto S/ 11.00 y Niño () S/ 5.00 - Locales (residentes locales presentan DNI) Adulto S/ 5.00 Niño (*) S/ 3.00 (*)Menores entre 5 a 16 años#Para población nacional a menores de 5 años y mayores de 65 años.
Libre,
"Previa presentación de boleto o ticket(especificar tarifa:niños, adultos, estudiantes, etc)",Entrada general S/. 2.00 y Pimenteleños: S/ 1.00
Libre,
Libre,Lunes - Domingo
Libre,
Libre,
Semi-restringido(previo permiso),coordinación con la Ofic. de Información de la QRM
NA,NA
NA,NA
NA,NA
NA,NA
NA,NA
NA,NA
NA,NA
NA,NA
NA,NA
NA,NA
Libre,
NA,NA
NA,NA
Libre,
Semi-restringido(previo permiso),"Previa coordinación con la Beneficencia Pública de Moquegua, la cual se ubica al costado de la Iglesia o llamar al (053) 461211"
Semi-restringido(previo permiso),Autorización otorgada por la familia Chocano.
Semi-restringido(previo permiso),Previa coordinación con uno de las propietarias Sra. Nora Centeno Falcon. Cel: 993590896.
"Previa presentación de boleto o ticket(especificar tarifa:niños, adultos, estudiantes, etc)",BAÑOS PRIVADOS: Residentes en la región s/2.00 L-V / Sab.Dom S/. 3.00 Nacionales: L-V s/4.00 / sáb.dom. s/6.00 Extranjeros: L-V s/10.00 /sáb.dom. s/ 20.00 Delegaciones Públicas: L-V 50%
Libre,
Libre,
"Previa presentación de boleto o ticket(especificar tarifa:niños, adultos, estudiantes, etc)","5 solos adultos, niños 1 sol."
Libre,
Libre,
Semi-restringido(previo permiso),Previa coordinación con los agricultores
Libre,
Libre,
Libre,
Libre,
Libre,
Libre,
"Previa presentación de boleto o ticket(especificar tarifa:niños, adultos, estudiantes, etc)","Menores Locales(Moquegua)de 5a16 años S/. 3.00, Adultos Locales(Moquegua) y Menores Nacionales(5a16 años)S/5.00, Adultos Nacionales S/.11.00, Extranjeros S/. 30.00"
Libre,
Libre,
"Previa presentación de boleto o ticket(especificar tarifa:niños, adultos, estudiantes, etc)",Adultos: 5 nuevos soles. Niños: 3 nuevos soles
Libre,
Libre,Esta abierto todos los días de 6:00 a.m. a 9.00 p.m.
Libre,Firmar el libro de registro del visitante.
"Previa presentación de boleto o ticket(especificar tarifa:niños, adultos, estudiantes, etc)",Adultos S/. 5.00 soles. Menores de 7 años y adultos mayores es ingreso libre .
Libre,Horario variable según actividades litúrgicas
Libre,"Es una calle de libre tránsito, sin embargo, las galerías artesanales atienden de 9.00 am. hasta las 8.00 p.m."
Libre,"Se recomienda ingresar con guía. También llevar protector solar, lentes de sol, gorra, repelente y agua."
Libre,
Libre,
Libre,
Libre,
Libre,
Libre,
Libre,"Se recomienda llevar gorro, bloqueador solar, agua, lentes de sol."
Libre,
Semi-restringido(previo permiso),Es necesario solicitar autorización de ingreso a SERNANP. Dirección de la Oficina(Av. Los Cocos H-23 Urb. Grau - Piura - Piura - Piura - (073) 321668
Semi-restringido(previo permiso),Actualmente solo se realizan visitas de la fachada.
Libre,"Se recomienda, llevar bloqueador solar, lentes de sol, gorros y un snack como galleta y agua."
Libre,
Libre,En caso de emergencias coordinar con el Sacristan Rene Choque 969935083 / Párroco Carlos Miguel Mestanza Mainetto.
Libre,
Libre,
"Semi-restringido(previo permiso)#Previa presentación de boleto o ticket(especificar tarifa:niños, adultos, estudiantes, etc)","*Ingreso a Islas Uros Titino con agencias autorizadas. *Ingreso a islas Chimu. y a Islas Chimu con agencias autorizadas o previa coordinación con emprendedores.#*Para ingresar a las islas de Los Uros, se compra el boleto que emite la comunidad. S/ 8.00 extranjeros, S/ 5.00 nacionales"
"Libre#Previa presentación de boleto o ticket(especificar tarifa:niños, adultos, estudiantes, etc)","Al Lago Titicaca#A las Islas flotantes de los Uros S/. 8.00, Isla Taquile S/. 8.00, Isla Amantani S/. 8.00"
"Previa presentación de boleto o ticket(especificar tarifa:niños, adultos, estudiantes, etc)",Adultos S/. 5.00 Niños S/. 3.00
Libre,Previa coordinación con el párroco o con el guardián
Libre,
Libre,
"Previa presentación de boleto o ticket(especificar tarifa:niños, adultos, estudiantes, etc)",Tarifa general S/15.00 Tarifa estudiante S/5.00 Tarifa menores de edad S/2.00
"Previa presentación de boleto o ticket(especificar tarifa:niños, adultos, estudiantes, etc)","Adulto Extranjero: S/. 6.00, Adulto Nacional: S/. 3.00, Niños: S/. 1.00"
Libre,Previa coordinación con el párroco Gregorio Remirez Jordán cel 924243275
Libre,
Libre,Acceso y circulación libre
Libre,Previa coordinación con el parroco.
"Previa presentación de boleto o ticket(especificar tarifa:niños, adultos, estudiantes, etc)",Adultos S/. 15.00 Estudiantes S/. 5.00 Niños S/. 2.00
Libre,Coordinación con el párroco; Cesar Ruelas Velarde
Libre,
Libre,
Libre,Previa coordinación con la parroquia
Semi-restringido(previo permiso),"Previa coordinación con el párroco, Juan José Huaraya Mamani cel. 964793574"
Libre,
Libre,
"Previa presentación de boleto o ticket(especificar tarifa:niños, adultos, estudiantes, etc)","Piscina S/ 5.00 adultos, S/1.50 niños S/8.00 visitantes, Pozas; S/.5.00 adultos, S/.5.00 visitantes, Duchas S/.2.00 adultos, S/.4.00 visitantes"
Libre,En coordinación con teniente gobernador de la comunidad cel. 907292911
Libre,Todos los días del año
Semi-restringido(previo permiso),Coordinar con el guardián del templo - Parroquia de Juli
"Previa presentación de boleto o ticket(especificar tarifa:niños, adultos, estudiantes, etc)","Adultos S/ 15.00, estudiantes S/ 5.00, niños hasta los 17 años con entrada gratuita"
"Previa presentación de boleto o ticket(especificar tarifa:niños, adultos, estudiantes, etc)","adultos S/.15.00, estudiantes S/.5.00, niños hasta los 17 años gratuito"
Libre,"Previa coordinación con el párroco, o con el guardián"
Libre,
Semi-restringido(previo permiso),Previa coordinación con la Municipalidad distrital de Zepita
Libre,"Recomendable coordinar con la comunidad, por cuestiones de seguridad."
Libre,
"Previa presentación de boleto o ticket(especificar tarifa:niños, adultos, estudiantes, etc)","Estudiantes S/1.00, Nacionales S/3.00, Extranjeros S/5.00"
Libre,
Libre,
Libre,El acceso es libre
"Previa presentación de boleto o ticket(especificar tarifa:niños, adultos, estudiantes, etc)","S/15.00 adultos, S/5.00 estudiantes, S/2.00 niños y escolares, S/7.50 adulto mayor, población local gratuito con la presentación de DNI"
"Previa presentación de boleto o ticket(especificar tarifa:niños, adultos, estudiantes, etc)",Entradas adultos = S/ 5.00 niños = S/2.50
Libre,Previa coordinación con la comunidad de Tinajani
Libre,"Se debe coordinar con el Párroco, o con el vigilante."
Libre,
Libre,En coordinación con la comunidad por motivos de seguridad
"Previa presentación de boleto o ticket(especificar tarifa:niños, adultos, estudiantes, etc)","Niños S/1.00, adultos locales S/2.00, general S/4.00"
Libre,
Libre,Debe registrar su ingreso en el libro de registro de visitantes.
Libre,"El acceso al recurso es gratuito, ya que se encuentra ubicado en un espacio público. No existen restricciones de pago o boletería para la apreciación del bien mueble desde el área peatonal."
Semi-restringido(previo permiso),Debe anunciar en administración que ingresará al Museo y registrarse en el libro de visitantes.
"Previa presentación de boleto o ticket(especificar tarifa:niños, adultos, estudiantes, etc)",Tarifa Única S/. 2.00
"Previa presentación de boleto o ticket(especificar tarifa:niños, adultos, estudiantes, etc)",Pozas Termales(Privadas/Multifamiliar)-Adultos-30 min S/.10.00 Pozas Termales (Privadas/Multifamiliar)-Niños (hasta 11 años)30 min S/.5.00 Piscina-Adultos-30 min-S/.10.00 Piscina Niños - 30 min-S/7.00
Libre,
Libre,Con equipo e indumentaria para montañismo y buena preparación física.
"Previa presentación de boleto o ticket(especificar tarifa:niños, adultos, estudiantes, etc)","Precio general (adultos y niños) S/. 5.00 soles. Llevar ropa de baños, ropa abrigadora, agua para hidratarse."
Libre,
Semi-restringido(previo permiso),Previa coordinación con la empresa: SOUTHERN PERU COPPER CORPORATION
Libre,
Libre,
"Previa presentación de boleto o ticket(especificar tarifa:niños, adultos, estudiantes, etc)",Tarifa pozas privadas: S/.10 Tarifa de la Piscina Termal: S/.5.00
Libre,
"Previa presentación de boleto o ticket(especificar tarifa:niños, adultos, estudiantes, etc)",Entradas generales: 30.00 soles
Libre,
Libre,
Libre,
"Previa presentación de boleto o ticket(especificar tarifa:niños, adultos, estudiantes, etc)","S/. 5.00 adultos, S/2. Niños"
Libre,
"Previa presentación de boleto o ticket(especificar tarifa:niños, adultos, estudiantes, etc)",Tarifa general S/5.00
Libre,
"Previa presentación de boleto o ticket(especificar tarifa:niños, adultos, estudiantes, etc)",S/65.00 extranjeros y S/30.00 nacionales.
"Previa presentación de boleto o ticket(especificar tarifa:niños, adultos, estudiantes, etc)",S/ 65.00 extranjeros y S/ 30.00 nacionales.
NA,NA
"Previa presentación de boleto o ticket(especificar tarifa:niños, adultos, estudiantes, etc)",Tarifa del PNH estadía: extranjeros S/60.00 y Nacionales S/30.00
Libre,
"Previa presentación de boleto o ticket(especificar tarifa:niños, adultos, estudiantes, etc)",Parque Nacional Huascarán (Extranjeros s/.30.00 y Nacional s/.12.00)
Libre,
"Previa presentación de boleto o ticket(especificar tarifa:niños, adultos, estudiantes, etc)",Extranjero S/.30.00 Nacional Adulto S/. 12.00 Niños (5 a 16 años )S/. 5.00 Nacionales (Menores de 5 años y Mayores de 65 años no pagan)
"Previa presentación de boleto o ticket(especificar tarifa:niños, adultos, estudiantes, etc)","Parque Nacional Huascarán (El costo de ingreso para visitantes extranjeros es de S/. 30.00, para nacionales S/. 12.00 y para locales S/. 5.00)."
Semi-restringido(previo permiso),Previo pago de ingreso al PNH S/.65.00 para 21 días de ingresos o permanencia al PNH
"Previa presentación de boleto o ticket(especificar tarifa:niños, adultos, estudiantes, etc)",Tarifa: Adultos S/.5.00 soles - Niños S/.3.00 soles
"Previa presentación de boleto o ticket(especificar tarifa:niños, adultos, estudiantes, etc)","Adultos (Nacionales y Extranjeros) S/. 15.00, Estudiantes S/.5.00 y Niños S/.3.00 y S/.5.00."
Libre,
"Previa presentación de boleto o ticket(especificar tarifa:niños, adultos, estudiantes, etc)","Tarifa de Ingreso: Local S/. 5.00, Nacional y Extranjero S/. 8.00"
Libre,
"Previa presentación de boleto o ticket(especificar tarifa:niños, adultos, estudiantes, etc)",Nacional: S/ 11.00 Extranjero: S/ 30.00
"Previa presentación de boleto o ticket(especificar tarifa:niños, adultos, estudiantes, etc)",General: S/ 3.00
Libre,
Libre,
Libre,
Libre,
Libre,
Libre,
Libre,
"Previa presentación de boleto o ticket(especificar tarifa:niños, adultos, estudiantes, etc)",Tarifa: Adulto S/ 15.00 Niños hasta 12 años y adultos mayores de 60 años con DNI o pasaporte S/ 10.00
Libre,
Libre,Se ha colocado 1 puerta metálica a modo de protección
Libre#Semi-restringido(previo permiso),"Ruta a través de Selva Alegre#En el caso de la Ruta Norte, solicitar permisos a AUTODEMA con 48 hrs de anticipación, hay AAVV que ya cuentan con autorización, en el caso de Ruta Sur solicita permisos Asociación en el mismo sitio"
Libre,
Libre,
Libre,
"Previa presentación de boleto o ticket(especificar tarifa:niños, adultos, estudiantes, etc)",Costo en general de S/10.00 (El boleto se compra en la recepción del Hotel de Turistas de Yura)
Libre,
Libre,
"Previa presentación de boleto o ticket(especificar tarifa:niños, adultos, estudiantes, etc)","S/. 7.00 entrada general S/. 3.00 entrada estudiantes S/. 2.00 entrada menores de edad, 50% descuento según ley -Tarifa especial"
"Previa presentación de boleto o ticket(especificar tarifa:niños, adultos, estudiantes, etc)","Turistas extranjeros es S/15.00 y nacionales S/10.00 soles, para las piscinas N°1 y N°5. Para la población local es: S/0.50; S/1.50 y S/2.50 soles (piscinas N°2, N°3 y N°4) y nacionales S/5.00 soles"
"Previa presentación de boleto o ticket(especificar tarifa:niños, adultos, estudiantes, etc)","Esta incluido dentro del Boleto turístico del Colca, Extranjeros S/. 70.00; Nacionales S/. 20.00 y estudiantes S/. 5.00. Los residentes de Caylloma están exonerados.."
"Previa presentación de boleto o ticket(especificar tarifa:niños, adultos, estudiantes, etc)",- Extranjeros S/.70.00 - Sudamericano S/. 40.00 - Nacionales S/. 20.00 - Estudiantes S/. 5.00 - Adulto Mayor S/. 5.00
"Previa presentación de boleto o ticket(especificar tarifa:niños, adultos, estudiantes, etc)","Esta incluido dentro del Boleto turístico del Colca, Extranjeros S/. 70.00; Nacionales S/. 20.00 y estudiantes S/. 5.00. Los residentes de Caylloma están exonerados."
Libre,
Libre,
Libre,
"Previa presentación de boleto o ticket(especificar tarifa:niños, adultos, estudiantes, etc)","Extranjeros S/ 30.00, nacionales S/15.00, locales - S/8.00. Tarifa Prom Región Arequipa S/.11.00 (<17 años S/.5.00, < 17 años Prov de Islay. S/.3.00) Exonerados <05 años y > de 65 años de edad."
Libre,
Libre,
"Previa presentación de boleto o ticket(especificar tarifa:niños, adultos, estudiantes, etc)",Adultos. s/1.00 y Niños: s/. 0.50.
"Previa presentación de boleto o ticket(especificar tarifa:niños, adultos, estudiantes, etc)",Adultos s/.8.00; Estud.Univ. s/.4.00 y Niños menos de 17 años ingreso gratuito.
"Previa presentación de boleto o ticket(especificar tarifa:niños, adultos, estudiantes, etc)",Adultos 8.00; Estud.Universit. 4.00. Niños menos de 17 años gratuito.
Libre,
Semi-restringido(previo permiso),"Previa coordinación con personal DDC al 978273950, o al correo cajamarca@cultura.gob.pe"
"Previa presentación de boleto o ticket(especificar tarifa:niños, adultos, estudiantes, etc)",Adultos: s/. 5.00 Estud.Universit.: s/. 2.00 Niños y adolecentes de 3años a 17 años : s/.1.00
"Previa presentación de boleto o ticket(especificar tarifa:niños, adultos, estudiantes, etc)",adultos: S/.10.00 niños 5.00
"Previa presentación de boleto o ticket(especificar tarifa:niños, adultos, estudiantes, etc)","Adultos:s/ 8.00; Estudiantes Univ.: s/. 4.00 Niños menores de 17 años, gratuito."
"Previa presentación de boleto o ticket(especificar tarifa:niños, adultos, estudiantes, etc)",Adultos s/. 10.00 Niños s/. 5.00 Estudiantes Zona Rural s/. 3.00
Libre,
"Previa presentación de boleto o ticket(especificar tarifa:niños, adultos, estudiantes, etc)",Nacional y Extranjero: s/. 5.00 Loca: s/. 2.00 Niños: s/. 1.00
Libre,
Libre,
"Previa presentación de boleto o ticket(especificar tarifa:niños, adultos, estudiantes, etc)",Adultos: S/ 15.00 Universitarios S/ 7.00 Escolares: S/ 4.00 Datos actualizados a la fecha de la publicación de la presente ficha.
Libre,
"Previa presentación de boleto o ticket(especificar tarifa:niños, adultos, estudiantes, etc)",arifa: Adultos S/. 10; Universitarios: S/.5; Escolares 2; Extranjeros:12.
"Previa presentación de boleto o ticket(especificar tarifa:niños, adultos, estudiantes, etc)#Otros (especificar)","Pozas: s/.9.00 y 10.00 soles Poza Exclusiva y familiar: 25.00 soles Piscinas: 7.00, 8.00 y 10.00 soles Hidromasajes y sauna: 20.00 soles Visitas: 6.00 soles Hospedaje Pultumarka: 60.00 y 90.00 soles#Hidromasajes y sauna : 20.00 soles, visitas: 2.00 soles"
Libre,
Libre,
"Previa presentación de boleto o ticket(especificar tarifa:niños, adultos, estudiantes, etc)",Ingreso general s/. 10.00
Libre,
Semi-restringido(previo permiso),Para ingresar a las instalaciones es previa coordinación con PEJEZA -Ing. Jesús Cumpa 957357414
Libre,
"Previa presentación de boleto o ticket(especificar tarifa:niños, adultos, estudiantes, etc)",Entrada Adulto S/5 Estudiante S/2 Escolar S/1
Libre,Solicitar permiso a la secretaria de la iglesia para poder ingresar fuera del horario de misa. Teléfono: 062-512455
Libre,Solicitar permiso a la secretaria de la Parroquia para poder ingresar fuera del horario de misa. Teléfono: 062-610452
Libre,"Solicitar permiso a la secretaria de la Iglesia, Srta. Margaret Espinoza Laos, para poder ingresar fuera del horario de misa."
Libre,Solicitar permiso a la secretaria de la Iglesia para poder ingresar fuera del horario de misa. Teléfono: 062 - 621956
Libre,
Semi-restringido(previo permiso),Previo permiso con la administración y es de libre costo
"Previa presentación de boleto o ticket(especificar tarifa:niños, adultos, estudiantes, etc)","Ticket expendido por el Ministerio de Cultura Adultos S/ 5.00, Estudiante superior S/ 2.00 , escolar 1.00"
"Previa presentación de boleto o ticket(especificar tarifa:niños, adultos, estudiantes, etc)","Único pago para el ingreso a la laguna S/.5 soles, la boletería esta ubicado en la localidad de Yaurin ruta a las lagunas de Pichgacocha."
"Previa presentación de boleto o ticket(especificar tarifa:niños, adultos, estudiantes, etc)","Adulto nacional y extranjero S/. 5.00, Universitario S/. 2.00, Niños y Escolares S/. 1.00"
"Previa presentación de boleto o ticket(especificar tarifa:niños, adultos, estudiantes, etc)","Expendido por el SERNANP, las tarifas varían de acuerdo a la procedencia del visitantes: Visitante Regional: S/. 5.00 soles Visitante Nacional: S/. 11.00 Visitante Internacional: S/. 30.00"
Libre,
Libre,
Libre,
"Previa presentación de boleto o ticket(especificar tarifa:niños, adultos, estudiantes, etc)",Pago de 20 soles a la comunidad de Pacllón
Libre,
Libre,
"Previa presentación de boleto o ticket(especificar tarifa:niños, adultos, estudiantes, etc)","Adultos S/. 4.00. Estudiantes, docentes con acreditación y adulto mayor con identificación Tarifa Especial S/. 2.00. Niños y adolescentes hasta los 17 años gratuito."
"Previa presentación de boleto o ticket(especificar tarifa:niños, adultos, estudiantes, etc)","El costo de ingreso: Adulto S/. 2.00 soles, Niño S/.1.00 sol."
"Previa presentación de boleto o ticket(especificar tarifa:niños, adultos, estudiantes, etc)","Boleto: Adultos S/. 10.00, univeristario S/. 5.00 (previa presentación del carne), Estudiantes S/. 3.00. Niños de 4 a 9 años S/. 2.00. Consultas con Secretaría del Convento: Cel. 910134807"
"Previa presentación de boleto o ticket(especificar tarifa:niños, adultos, estudiantes, etc)",Tarifario SERNANP-RNTAMB Extranjeros: S/30.00 por día Nacionales: S/.15.00 por día Locales: S/. 8.00 por día
"Previa presentación de boleto o ticket(especificar tarifa:niños, adultos, estudiantes, etc)",Tarifario SERNANP-RNTAMB Extranjeros: S/30.00 por día Nacionales: S/.15.00 por día Locales: S/. 8.00 por día (ticket físico o digital)
"Previa presentación de boleto o ticket(especificar tarifa:niños, adultos, estudiantes, etc)",Tarifario SERNANP-RNTAMB Extranjeros: S/30.00 por día Nacionales: S/.15.00 por día Locales: S/. 8.00 por día
Semi-restringido(previo permiso),Previa coordinación con el Concesionario Abed Mancilla Muchari - 982683888
"Previa presentación de boleto o ticket(especificar tarifa:niños, adultos, estudiantes, etc)",Pago S/. 8.00 en la caseta de Ingreso Comunidad Tres Chimbadas
"Previa presentación de boleto o ticket(especificar tarifa:niños, adultos, estudiantes, etc)",Tarifario RNTAMB Extranjeros: S/.30.00 por día. Nacionales: S/. 15.00 por día. Local: S/.8.00 por día
"Previa presentación de boleto o ticket(especificar tarifa:niños, adultos, estudiantes, etc)",Tarifario RNTAMB Extranjeros: S/.30.00 por día. Nacionales: S/. 15.00 por día. Local: S/.8.00 por día
Semi-restringido(previo permiso),Coordinación con el administrador del Área de Conservación Privada (ACP) “El Gato” Eduardo Ramirez Pizango. Celular: 941223676.
"Previa presentación de boleto o ticket(especificar tarifa:niños, adultos, estudiantes, etc)",Tarifario SERNANP-RNTAMB Extranjeros: S/30.00 por día Nacionales: S/.15.00 por día Locales: S/. 8.00 por día
Libre,
"Previa presentación de boleto o ticket(especificar tarifa:niños, adultos, estudiantes, etc)",EN SOLES: 1 día: Ext.: 30 / Nac.: Adulto: 15 - Menor: 8 /Loc : 8 2 - 3 días: Ext.: 60 / Nac.: Adulto: 30 - Menor: 15 / Loc : 15 4 - 30 días: Ext.: 150 / Nac.: Adulto: 75 / Menor: 35 / Loc : 35
Libre,
"Previa presentación de boleto o ticket(especificar tarifa:niños, adultos, estudiantes, etc)",Los visitantes adquieren su ticket en la Municipalidad Distrital de La Jalca -Adulto: 20 soles -Estudiante: 15 soles -Niños: 10 soles
"Previa presentación de boleto o ticket(especificar tarifa:niños, adultos, estudiantes, etc)",Adulto: 15.00 soles
Libre,"Para conocer la historia y demás, es necesario comunicar a la municipalidad para que designen a una persona natural para ser intérprete."
Libre,Es necesario ser acompañado por un Guía.
Libre,
Libre,"El acceso es libre; sin embargo, es necesario contar con la compañía de un guía turístico desde la ciudad de Chachapoyas."
Libre,"Pero, es necesario registrarse en la municipalidad distrital de Magdalena, con la encargada la srta. Cecilia Soplin al cel 901538352"
Libre,Se puede apreciar desde la vía publica .
Libre,Es necesario ir con guía turístico.
"Previa presentación de boleto o ticket(especificar tarifa:niños, adultos, estudiantes, etc)",- Adultos : 3 soles - Niño: 2 soles
"Previa presentación de boleto o ticket(especificar tarifa:niños, adultos, estudiantes, etc)",Para la visita al recurso los visitantes adquieren su ticket en la asociación a un costo de S/ 5.00
"Previa presentación de boleto o ticket(especificar tarifa:niños, adultos, estudiantes, etc)",Adquirir el boleto en el local de la Asociación de Turismo Revash. Costo: Adultos S/ 15.00 Adulto mayor/universitarios S/ 8.00 Niños S/ 3.00 Personas con discapacidad: Libre(presentar carnet CONADIS)
"Previa presentación de boleto o ticket(especificar tarifa:niños, adultos, estudiantes, etc)","Ciudadanos extranjeros S/ 30.00, visitantes nacionales S/ 20.00, estudiantes extranjeros S/ 15.00, estudiantes nacionales S/ 10.00, menores de edad S/ 2.00, boletos que podrán ser adquiridos en la DDC"
"Previa presentación de boleto o ticket(especificar tarifa:niños, adultos, estudiantes, etc)",Extranjeros: S/. 30.00 Nacionales: S/. 15.00 Local S/. 5.00
"Previa presentación de boleto o ticket(especificar tarifa:niños, adultos, estudiantes, etc)",Extranjero S/. 30.00 Adulto Nacional S/. 15.00 Locales Adulto S/. 5.00 Niños S/. 3.00 Nacionales (Menores de 5 años y Mayores de 65 años no pagan) Niños de 5 a 16 años pagan S/. 5.00
NA,NA
"Previa presentación de boleto o ticket(especificar tarifa:niños, adultos, estudiantes, etc)",Pago de S/.65.00 nuevos soles al PNH para 30 días de permanencia. Extranjero S/. 30.00 Nacional S/.15.00 Local S/. 5.00
Libre,durante todo el año
Libre,
"Previa presentación de boleto o ticket(especificar tarifa:niños, adultos, estudiantes, etc)","Piscina baja S/. 10.00, Niños de 3 a 4 años S/.5.00 y Pozas por persona S/. 10.00"
"Previa presentación de boleto o ticket(especificar tarifa:niños, adultos, estudiantes, etc)",Adulto S/. 7.00 Estudiante S/. 5.00 Niños S/. 2.00
Libre,"Para visitar el recurso, es necesario el registro respectivo en la municipalidad de Cheto."
Libre,
Libre,Lunes - domingos 08:00 am -12:00 h/ 16:00 h- 20:00 h. Los días miércoles no hay atención.
Libre,
Libre,
Libre,
Libre,
Libre,
Libre,
Libre,
"Previa presentación de boleto o ticket(especificar tarifa:niños, adultos, estudiantes, etc)","Para el ingreso a la laguna se paga S/. 2.00 soles por vehículo sólo sábados, domingos y feriados. Los demás días de la semana el ingreso es libre."
"Previa presentación de boleto o ticket(especificar tarifa:niños, adultos, estudiantes, etc)","Para el ingreso al sitio arqueológico de Arwaturo se paga S/. 2.00 soles por vehículo sólo sábados, domingos y feriados (ingreso N° 2). Los demás días de la semana el ingreso es libre."
Libre,
"Previa presentación de boleto o ticket(especificar tarifa:niños, adultos, estudiantes, etc)",Boleto adultos S/. 10.00 y niños S/. 5.00
Libre,
Libre,
Libre,
Libre,
Libre,
Libre,
Libre,
Libre,
Libre,
Libre,
"Previa presentación de boleto o ticket(especificar tarifa:niños, adultos, estudiantes, etc)","Adulto Local: S/5.00, Adulto Nacional S/11.00, Adulto Extranjero: S/30.00 , Niño Local: S/3.00 , Niño Nacional: S/ 5.00."
"Previa presentación de boleto o ticket(especificar tarifa:niños, adultos, estudiantes, etc)","Adulto S/4.00- Niño S/0.50- Adulto Mayor S/2.00. El primer domingo de cada mes se a tiende gratis ""Museo puertas abiertas"""
Libre,
Libre,
Libre,
Libre,
Libre,Las visitas se pueden efectuar en el horario de atención de la Parroquia
Libre,
Libre,
Libre,
Libre,
"Previa presentación de boleto o ticket(especificar tarifa:niños, adultos, estudiantes, etc)",Tarifa: Adultos - 2 soles y Niños -1 sol El pago se realiza en la oficina de Tesorería de la Municipalidad Distrital de Tunan Marca
"Previa presentación de boleto o ticket(especificar tarifa:niños, adultos, estudiantes, etc)","Adulto (Nacional) S/ 11.00, Niño (Nacional 5 a 17 años) S/ 5.00 Adulto (Local*) S/ 5.00, Niño (Local* 5 a 17 años) S/ 3.00 Garita de Control SERNANP (*) Local se refiere a poblador de la Región Junín"
"Previa presentación de boleto o ticket(especificar tarifa:niños, adultos, estudiantes, etc)","Ingreso al lago para observación de aves, con autorización de la Jefatura del ANP (Telf. 064-344146) o presentación del boleto de ingreso, costo: Extranjero S/ 30.00, Nacional S/ 11.00 y Local S/ 5.00"
"Previa presentación de boleto o ticket(especificar tarifa:niños, adultos, estudiantes, etc)",Niños S/. 6.00 Adultos S/. 10.00
Libre,.
Libre,
"Previa presentación de boleto o ticket(especificar tarifa:niños, adultos, estudiantes, etc)","Costo de ingreso para niños es de 3 soles, adultos 5 soles"
"Previa presentación de boleto o ticket(especificar tarifa:niños, adultos, estudiantes, etc)",Costo de boletos: Adultos: S/. 4.00 y niños S/. 1.00
Libre,
Libre,
"Previa presentación de boleto o ticket(especificar tarifa:niños, adultos, estudiantes, etc)",Boleto adultos S/. 4.00 y niños: S/. 1.50
"Previa presentación de boleto o ticket(especificar tarifa:niños, adultos, estudiantes, etc)",Ingreso al recurso S/5.00 entrada general niños menores de de 12 años S/2.50
"Previa presentación de boleto o ticket(especificar tarifa:niños, adultos, estudiantes, etc)",Tarifa PNH: Extranjeros S/65.00 Nacionales S/30.00.
NA,NA
"Previa presentación de boleto o ticket(especificar tarifa:niños, adultos, estudiantes, etc)",Adultos: S/ 4.00 - Niños S/ 2.00
Libre,
"Previa presentación de boleto o ticket(especificar tarifa:niños, adultos, estudiantes, etc)",2 soles por adulto y niños ingreso libre
"Previa presentación de boleto o ticket(especificar tarifa:niños, adultos, estudiantes, etc)",Adultos:2.00 soles Niños: 1.00 soles
Libre,
"Previa presentación de boleto o ticket(especificar tarifa:niños, adultos, estudiantes, etc)","Adultos S/ 5.00 , estudiantes de educación superior S/ 2.00 y escolar 1.00"
Semi-restringido(previo permiso),"Para su visita se requiere previa cita. Por ello, los números de comunicación son : 978 308 162 (párroco) y 927 491 265- 926 244 972 (secretaria)."
"Previa presentación de boleto o ticket(especificar tarifa:niños, adultos, estudiantes, etc)",Ingreso de Adultos: S/ 3.00 Ingreso Niños: S/ 1.50
"Previa presentación de boleto o ticket(especificar tarifa:niños, adultos, estudiantes, etc)",Adultos: S/. 5.00 Niños: S/. 2.00
Libre,
"Previa presentación de boleto o ticket(especificar tarifa:niños, adultos, estudiantes, etc)",Extranjeros: S/20 Estudiante ext. S/10 Nacionales: S/ 10 Estudiante Nac. S/5
"Previa presentación de boleto o ticket(especificar tarifa:niños, adultos, estudiantes, etc)",Adultos S/ 20 Estudiantes S/ 10 Cusqueños S/ 3
Libre,Previa coordinación con el parroco o con el guardian
"Previa presentación de boleto o ticket(especificar tarifa:niños, adultos, estudiantes, etc)#Libre","INCLUIDO DENTRO DEL BOLETO TURISTICO GENERAL BTG ADULTO S/130 ESTUDIANTE S/70; Ó BOLETO TURISTICO PARCIAL CIRCUITO II S/70#Para cusqueños y residentes, previa presentacion del DNI."
"Previa presentación de boleto o ticket(especificar tarifa:niños, adultos, estudiantes, etc)",Adultos: S/ 2.50 soles Estudiantes mayores a 11 años: S 1.50 soles Estudiantes menores a 11 años: S/ 1.00 soles
"Previa presentación de boleto o ticket(especificar tarifa:niños, adultos, estudiantes, etc)#Libre","Boleto del Circuito religioso del Arzobispado del Cusco Adulto S/. 25.00 Estudiante S/. 12.50#Cusqueños y residentes, previa presentacion del DNI, o en horarios de culto."
"Previa presentación de boleto o ticket(especificar tarifa:niños, adultos, estudiantes, etc)#Libre",Ingreso: 15 soles por persona (estudiante y turista nacional 10 soles). Tarifa para toda la ruta del barroco andino: 25 soles por persona (estudiante y turista nacional 15 soles).#Cusqueños - Previa Presentación de su DNI
"Previa presentación de boleto o ticket(especificar tarifa:niños, adultos, estudiantes, etc)#Libre",-S/ 20 adultos -S/ 10 estudiantes -S/ 3 cusqueños.#a la zona de la igleasia en el horario de culto
"Previa presentación de boleto o ticket(especificar tarifa:niños, adultos, estudiantes, etc)#Libre","Incluido en el circuito Religioso del Cusco , General S/ 30 , estudiantes S/ 15#en horario de culto"
"Previa presentación de boleto o ticket(especificar tarifa:niños, adultos, estudiantes, etc)","General : S/ 10, Estudiantes: S/5, Cusqueños: S/ 2, Niños: S/ 1"
Semi-restringido(previo permiso),"084 - 226361, despacho parroquial"
"Libre#Previa presentación de boleto o ticket(especificar tarifa:niños, adultos, estudiantes, etc)",Cusqueños y residentes previa presentación de DNI#INCLUIDO DENTRO DEL BOLETO TURISTICO GENERAL BTG ADULTO S/130 ESTUDIANTE S/70; Ó BOLETO TURISTICO PARCIAL CIRCUITO I S/70
"Libre#Previa presentación de boleto o ticket(especificar tarifa:niños, adultos, estudiantes, etc)","Cusqueños y residentes previa presentación de DNI#Boleto Integral Turista extranjero “BTCI” S/130.00, Estudiante “BEE” S/70.00 Boleto Parcial I Turista extranjero “BTCPI” S/70.00 Boleto Integral Turista Nacional “BIN” S/70.00, Estudiante “BEN” S/40."
"Libre#Previa presentación de boleto o ticket(especificar tarifa:niños, adultos, estudiantes, etc)","Cusqueños y residentes previa presentación de DNI#BTG Extranjero general S/130, parcial S/70, Estudiante ext. S/70 Nacional S/70, Estudiante Nac. S/40"
"Libre#Previa presentación de boleto o ticket(especificar tarifa:niños, adultos, estudiantes, etc)","Cusqueños y residentes previa presentación de DNI#Boleto Integral Turista extranjero “BTCI” S/130.00, Estudiante “BEE” S/70.00 Boleto Parcial I Turista extranjero “BTCPI” S/70.00 Boleto Integral Turista Nacional “BIN” S/70.00, Estudiante “BEN” S/40"
Libre,
Libre,
"Previa presentación de boleto o ticket(especificar tarifa:niños, adultos, estudiantes, etc)","Extranjero: S/20, niño ext. S/15 Peruanos: S/15, niño peruano: S/ 10 cuscqueños: S/ 5, niño cusqueño:S/2"
Libre,
"Previa presentación de boleto o ticket(especificar tarifa:niños, adultos, estudiantes, etc)","Extranjero: Adulto: 60.00 USD Estudiante, Niño: 35.00 USD Peruanos: Adulto: 26.00 USD Estudiante, Niño : 17.00 USD"
"Previa presentación de boleto o ticket(especificar tarifa:niños, adultos, estudiantes, etc)#Libre","Esta Incluido Dentro Del Boleto Turístico General BTG Adulto Extranjero S/130 Estudiante S/70; o Boleto Turístico Parcial Circuito II S/70. Boleto parcial II - S/70#Ingreso libre para Cusqueños, previa presentación de DNI"
"Previa presentación de boleto o ticket(especificar tarifa:niños, adultos, estudiantes, etc)#Otros (especificar)","Incluido en el boleto de Circuito Religioso del Arzobispado del Cusco, Adultos S/ 30, Estudiantes S/ 15#entrada general al campanario S/ 10"
Libre,
"Libre#Previa presentación de boleto o ticket(especificar tarifa:niños, adultos, estudiantes, etc)",Para cusqueños y residentes previa presentación de DNI#Esta Incluido Dentro Del Boleto Turístico General BTG Adulto Extranjero S/130 Estudiante S/70; o Boleto Turístico Parcial Circuito II S/70.
"Previa presentación de boleto o ticket(especificar tarifa:niños, adultos, estudiantes, etc)","Boleto de Ingreso a cargo de la Dirección Desconcentrada de Cultura Cusco, Adulto S/. 10.00 y estudiante S/. 5.00"
"Previa presentación de boleto o ticket(especificar tarifa:niños, adultos, estudiantes, etc)","La administración del recurso Turístico está a cargo de las 4 comunidades del distrito.Quehue:Huinchiri,CcollanaQuehue, Chaupibanda y ChoccayhuA; El cual se realiza un cobro general de 10 soles"
"Libre#Previa presentación de boleto o ticket(especificar tarifa:niños, adultos, estudiantes, etc)",Cusqueños y residentes previa presentación de DNI.#ESTA INCLUIDO DENTRO DEL BOLETO TURÍSTICO GENERAL BTG ADULTO S/130 ESTUDIANTE S/70; Ó BOLETO TURÍSTICO PARCIAL CIRCUITO III S/70
"Libre#Previa presentación de boleto o ticket(especificar tarifa:niños, adultos, estudiantes, etc)",Cusqueños y residentes previa presentación de DNI#ESTA INCLUIDO DENTRO DEL BOLETO TURISTICO GENERAL BTG ADULTO S/130 ESTUDIANTE S/70; Ó BOLETO TURISTICO PARCIAL CIRCUITO III S/70
Libre#Semi-restringido(previo permiso),#De lunes a Domingo en horario de Culto
"Previa presentación de boleto o ticket(especificar tarifa:niños, adultos, estudiantes, etc)",Esta Incluido Dentro Del Boleto Turístico General BTG Adulto Extranjero S/130 Estudiante S/70; o Boleto Turístico Parcial Circuito II S/70.
"Previa presentación de boleto o ticket(especificar tarifa:niños, adultos, estudiantes, etc)",Tarifa: Nacionales: S/ 10.00 Extranjeros: S/ 15.00 Estudiantes: S/ 5.00
Libre,Es recomendable visitar el recurso turístico acompañado por un guía.
Semi-restringido(previo permiso),"Estudiantes S/1.00, Nacionales S/3.00, Extranjeros S/5.00"
Libre,
Libre,
"Previa presentación de boleto o ticket(especificar tarifa:niños, adultos, estudiantes, etc)","Extranjeros S/15.00, Estudiantes extranjeros S/10.00, Nacionales S/10.00, Locales S/2.00, estudiante universitario S/. 2.00 y escolares S/1.00."
Libre,Libre acceso
Libre,Todos los días
"Previa presentación de boleto o ticket(especificar tarifa:niños, adultos, estudiantes, etc)",S/8.00 por persona
"Previa presentación de boleto o ticket(especificar tarifa:niños, adultos, estudiantes, etc)","S/.8.00 por persona, niños ingreso gratuito"
"Previa presentación de boleto o ticket(especificar tarifa:niños, adultos, estudiantes, etc)",Entrada general S/. 8.00
"Previa presentación de boleto o ticket(especificar tarifa:niños, adultos, estudiantes, etc)","Costo: adulto S/. 7.00, Estudiantes y jubilados S/.5.00, escolares S/.2.00"
"Previa presentación de boleto o ticket(especificar tarifa:niños, adultos, estudiantes, etc)",S/.5.00 Entrada general
"Previa presentación de boleto o ticket(especificar tarifa:niños, adultos, estudiantes, etc)","Nacionales S/ 5.00, Extranjeros S/ 10.00, estudiantes y niños S/ 3.00"
Libre,
Libre,
"Previa presentación de boleto o ticket(especificar tarifa:niños, adultos, estudiantes, etc)",Entrada General Adultos Ext y Nac. S/. 45.00 Extranjeros 7 a 21 años S/ 25.00 Universitarios Peruanos pre grado S/15.00 Adultos Mayores Peruanos S/ 25.00 Escolares Peruanos S/. 6.00 No incluye guiado
"Libre#Previa presentación de boleto o ticket(especificar tarifa:niños, adultos, estudiantes, etc)",Ingreso solo a la iglesia#Ingreso a la Capilla S/. 5.00 extranjeros y nacionales
"Previa presentación de boleto o ticket(especificar tarifa:niños, adultos, estudiantes, etc)#Libre",Adultos S/10.00 Universitarios S/5.00 Escolares y niños S/.3.00 Menores de 6 años no pagan.#Para la Iglesia
Libre#Otros (especificar),Referido a la Iglesia#La entrada no es permitida al convento
"Libre#Previa presentación de boleto o ticket(especificar tarifa:niños, adultos, estudiantes, etc)","Ingreso para la iglesia.#Ingreso para el museo, tiene Costo de entrada de s/10.00 adulto, S/5.00 estudiantes e universitarios."
"Previa presentación de boleto o ticket(especificar tarifa:niños, adultos, estudiantes, etc)",Tarifa para el ingreso al Museo: Nacional y Extranjero S/. 20.00 Adulto mayor: S/ 10.00 Escolares S/ 4.00 (guiado incluido) Universitarios S/. 6.00 (guiado incluido)
Libre,
Libre,Barrio de San Lazaro
"Previa presentación de boleto o ticket(especificar tarifa:niños, adultos, estudiantes, etc)",General: S/. 5 Estudiante superior: S/. 2 Escolar : S/. 1 Exonerados de pago: Estudiantes de la UNSA. Adultos mayores de 60 años. Niños menores de 6 años. Personas con habilidades diferentes.
"Previa presentación de boleto o ticket(especificar tarifa:niños, adultos, estudiantes, etc)","Esta Incluido dentro del Boleto Turístico del Colca, Extranjeros S/. 70 y S/. 40.00, Nacionales S/. 20.00, Estudiantes y Niños S/. 5.00"
Libre,Lunes-Domingo
Libre,"El recurso es un bien público, y toda persona que visita el lugar lo realiza de manera libre."
Libre,
"Previa presentación de boleto o ticket(especificar tarifa:niños, adultos, estudiantes, etc)#Otros (especificar)","-Extranjeros: S/30.00 -Nacionales: Adultos:S/15.00, Niños: S/8.00 -Locales: Adultos: S/8.00, Niños: S/8.00 *Menores de 5 años: Ingreso libre#Exoneración de pagos de derecho de ingreso a guías oficiales de turismo y a personas con discapacidad que presenten la acreditación respectiva"
Libre,El acceso a la laguna es libre
Libre,El acceso al Pueblo Pebas es libre
Libre,
"Previa presentación de boleto o ticket(especificar tarifa:niños, adultos, estudiantes, etc)","Controlado y Administrado por la Municipalidad Provincial de Ucayali Contamana - SERNANP Tarifas: Locales (niños S/3 ), (adultos S/5) nacionales (standar S/ 5) turistas internacionales ( S/10)"
Libre,
"Previa presentación de boleto o ticket(especificar tarifa:niños, adultos, estudiantes, etc)",Adultos: S/. 5.00 Estudiantes de educación superior: S/. 2.00 Estudiantes de educación escolar: S/. 1.00
Libre,Recurso turístico de acceso libre
Libre,
Libre,"Visitas de Lunes a Domingos. Es recomendable respetar las normas de convivencia y mantener el silencio dentro del templo, especialmente durante celebraciones religiosas."
Libre,
NA,NA
"Previa presentación de boleto o ticket(especificar tarifa:niños, adultos, estudiantes, etc)",Tarifas de ingreso: Extranjero S/. 10.00 Nacional S/. 5.00 Local S/ 2.oo
NA,NA
Libre,
Libre,
Libre,
NA,NA
Libre,
"Previa presentación de boleto o ticket(especificar tarifa:niños, adultos, estudiantes, etc)",Adultos S/ 4.00 soles Estudiantes de educación superior S/ 3.00 soles Estudiantes de educación básica menor S/ 2:00
Libre,
NA,NA
Libre,
NA,NA
"Previa presentación de boleto o ticket(especificar tarifa:niños, adultos, estudiantes, etc)",Pago de S/.65.00 nuevos soles al PNH para 30 días de permanencia.
"Libre#Previa presentación de boleto o ticket(especificar tarifa:niños, adultos, estudiantes, etc)","De lunes a sábado, en el horario de 5:00 am a 7:00 pm. Domingos, en el horario de 6:00 am a 11:00 am. En caso de actividades religiosas, el horario se puede extender.#Ingreso a la catacumba, museo de la sacristía y el campanario a S/ 15.00 soles tarifa general. Solo campanario a S/ 3.00 soles, tarifa general."
"Libre#Previa presentación de boleto o ticket(especificar tarifa:niños, adultos, estudiantes, etc)",#Para el ingreso del campanario y museo tiene un costo de S/ 5.00 soles (tarifa general)
Libre,Al templo y atrio
Libre#Semi-restringido(previo permiso),"Ingreso al templo en horarios de misa y ceremonias religiosas#Ingreso al convento, previa coordinación con la parte administrativa."
Libre#Semi-restringido(previo permiso),"Cuando hay misas y actividades religiosas#El monasterio se puede acceder solo en temporada de Semana Santa, el costo de ingreso es de S/10.00 soles, que va destinado para el mantenimiento interno."
Libre,
Libre,
"Libre#Previa presentación de boleto o ticket(especificar tarifa:niños, adultos, estudiantes, etc)",#Las visitas a las catacumbas se realizan solo en Semana Santa con un costo de S/ 5.00 soles tarifa general
Libre,
Libre,
"Previa presentación de boleto o ticket(especificar tarifa:niños, adultos, estudiantes, etc)","Adulto: S/ 6.00 soles - Estudiantes: S/ 3.00 soles *El primer domingo de cada mes, el ingreso es gratuito"
"Previa presentación de boleto o ticket(especificar tarifa:niños, adultos, estudiantes, etc)",Adultos: S/ 3.00 Escolares/Universitarios: S/ 1.00
Libre,
Libre#Semi-restringido(previo permiso),"#Para ingresar a los talleres artesanales, algunos se requiere llamar o tocar la puerta"
"Libre#Previa presentación de boleto o ticket(especificar tarifa:niños, adultos, estudiantes, etc)",#Para el ingreso de museo y campanario tiene un costo general de S/ 5.00 soles
Libre,
Libre,
Semi-restringido(previo permiso),Previa adquisición de ticket de entrada (5 soles)
"Previa presentación de boleto o ticket(especificar tarifa:niños, adultos, estudiantes, etc)",Adultos = S/ 6.00 - Estudiantes de educación superior y adulto mayor = S/ 3.00 - Escolares = S/ 1.00 - Niños (3 a 17 años previa presentación de DNI) = Gratis
Libre,
Libre,
Libre,
"Previa presentación de boleto o ticket(especificar tarifa:niños, adultos, estudiantes, etc)",s/ 2.00 Estudiante s/5.00 Turista Nacional s/7.00 Turista Extranjero Administrado por La Municipalidad Provincial de Vilcas Huamán
Libre,
Libre,
Libre,
"Previa presentación de boleto o ticket(especificar tarifa:niños, adultos, estudiantes, etc)",Niños 0.50 céntimos y adultos 1 sol.
Libre,
Libre,"La comunidad de Sacsamarca hace registro de visitas loa días viernes, sábado y domingo"
Libre,
"Previa presentación de boleto o ticket(especificar tarifa:niños, adultos, estudiantes, etc)",Entrada general S/ 2.50 Piscina De 3 años a 12 años S/ 0.50 De 13 años a 17 años S/ 1.50 Entrada a Baños Privados Por persona S/ 5.00
Semi-restringido(previo permiso),"Permiso de la comunidad de Pumaccoria, Celular Nº 942403634"
Libre,
Libre,
Semi-restringido(previo permiso),"Previa cordinaciòn con la Comunidad, para ingresar."
"Previa presentación de boleto o ticket(especificar tarifa:niños, adultos, estudiantes, etc)","Pago para: Niños1.00 sol, universitarios, 2.00 soles, adultos 3.00 soles."
Libre,
"Previa presentación de boleto o ticket(especificar tarifa:niños, adultos, estudiantes, etc)",Adultos S/ 2.00 Niños S/. 1.00
Libre,
"Previa presentación de boleto o ticket(especificar tarifa:niños, adultos, estudiantes, etc)","Costo de Pasajes - Sector 1 y Sector 2 Público en general S/ 20 soles Público en general $ 5500 pesos chilenos Niños de 3 años a más no pagan pasaje, pero si son registrados Compra de tickets con 24"
"Previa presentación de boleto o ticket(especificar tarifa:niños, adultos, estudiantes, etc)",Adultos : S/.2.0 - Estudiantes de educación superior : S/.1.0 - Estudiantes de educación escolar : S/.0.0
"Previa presentación de boleto o ticket(especificar tarifa:niños, adultos, estudiantes, etc)",Adultos: S/.5.00.Estudiantes:S/.3.00. Niños y/o Escolares: S/.2.00. No esta permitido fotografías y filmaciones. Para visitas de delegaciones coordinar al Cel. 972808625 Lic. Rocío Marticorena Cosme.
Libre,
"Previa presentación de boleto o ticket(especificar tarifa:niños, adultos, estudiantes, etc)","Costo de ingreso por unidad vehicular S/. 5.00 soles, en tanto que visitante que llega a pie no paga"
Libre,
Libre,
Libre,
Libre,Se puede ingresar después de visitar el Convento Santa Rosa de Ocopa
Libre,
"Previa presentación de boleto o ticket(especificar tarifa:niños, adultos, estudiantes, etc)","costo de la entrada para adultos: S/.20 , para niños: S/. 10 y para escolares: S/. 3 por alumno y el costo de piscina: S/.5 y cochera: S/.10."
NA,NA
Libre,
Semi-restringido(previo permiso),"Previa coordinación con la Gerencia de Recursos Naturales y Gestion del Medio Ambiente-GRL. Guias de observacion de aves : Daniel Rojas cel : 902276163, David Garcia cel : 940256293"
Libre,
"Previa presentación de boleto o ticket(especificar tarifa:niños, adultos, estudiantes, etc)",Adulto: S/ 11.00 - Estudiantes de Educación Superior : S/ 4.00 - Niños / Escolares : S/ 1.00 - Entrada Especial S/ 5.50 - Personas con Discapacidad S/ 5.50 - Guía Grupo hasta 9 personas S/ 20.00
Libre,
Semi-restringido(previo permiso),"Para solicitar permiso, contactarse con el Padre Fredy Beltran, número de celular: 979932393"
Libre,
Libre,
Semi-restringido(previo permiso),Pedir autorización a los Guardaparques en el Centro de Interpretación ubicada en las instalaciones de la Reserva. Tarifa Gral.: S/ 30.00; Tarifa Promocional Nacional Adultos S/ 11.00; Niños: S/ 5.00;
Libre,
Libre,Es un conjunto de Lagunas de diferentes tamaños y formas.
Libre,Todo los meses
Libre,8:30 am - 4:00 p.m con registro de flujo de visitantes Teléfono: 972550691 Resp. Turismo Ingreso para personas sin impedimento física (caminata moderada en la zona)
Libre,Comunicarse con responsable de la Municipalidad para el registro de Flujo de Visitantes Teléfono: 972550691
Libre,Contactarse con la municipalidad área de Turismo para el registro de flujo de visitas. Teléfono 972550691
Libre,
"Previa presentación de boleto o ticket(especificar tarifa:niños, adultos, estudiantes, etc)",Tarifa de cueva S/10.00; tarifa de poza S/. 6.00
"Previa presentación de boleto o ticket(especificar tarifa:niños, adultos, estudiantes, etc)",Adultos s/.8.00; Estud.Univers s/.4.00; Niños menos de 17 años ingreso gratuito.
Libre,
"Previa presentación de boleto o ticket(especificar tarifa:niños, adultos, estudiantes, etc)",Adultos Nacional : S/5.00 Soles Adultos Local : S/4.00 Soles Niños y Jubilados: S/3.00 soles Extranjeros : S/15.00 Soles
"Previa presentación de boleto o ticket(especificar tarifa:niños, adultos, estudiantes, etc)","Tarifas de ingreso al ANP: Extranjeros: S/11.00, Nacional Adulto: S/11.00, Nacional niño (05-16 años): S/5.00, Local Adulto y niño: S/5.00 El ingreso es mediante servicios autorizados por SERNANP"
"Previa presentación de boleto o ticket(especificar tarifa:niños, adultos, estudiantes, etc)",El costo promedio par visitar las Islas Ballestas es de S/. 35.00 a 40.00 Nuevos Soles temporada alta y 35.00 a 30.00 Nuevos soles temporada baja. Las salidas dependerá de la estación climática.
Libre,
"Previa presentación de boleto o ticket(especificar tarifa:niños, adultos, estudiantes, etc)#Otros (especificar)","Precios de Ingresos en Nuevos Soles: Adulto Nacional y Extranjero S/. 12.00, Escolares y niños (hasta los 12) S/. 5.00 y Jubilados S/.6.00 Fuerza Armada y PNP S/.6.00 Para coordinaciones en general#Guías Oficial de Turismo no pagan por ley 28529."
"Previa presentación de boleto o ticket(especificar tarifa:niños, adultos, estudiantes, etc)","Adultos S/ 5.00 / Niños o estudiantes S/ 3.00 | Miembros de las FFAA, PNP y familiares pagan el 50%. De la misma manera Adulto mayor y CONADIS exonerado de pago."
Libre,se realizan misas todos los dias a las 05:00 p.m.
Libre,
Libre,Horario recomendado para inmuebles públicos: 9:00 am a 5:00 pm
Libre,
Libre,
Libre,
"Previa presentación de boleto o ticket(especificar tarifa:niños, adultos, estudiantes, etc)","Tarifa del PNH estadía por 3 días, extranjeros S/60.00 y Nacionales S/30.00"
"Previa presentación de boleto o ticket(especificar tarifa:niños, adultos, estudiantes, etc)","Las tarifas al PNH, según el tiempo de permanencia: para 2 a 3 días, S/ 60.00 (extranjeros) y S/ 30.00 (nacionales); y ingreso diario cuesta S/ 30. (extranjeros), S/15. (nacionales) y S/5.00 (locales)"
"Previa presentación de boleto o ticket(especificar tarifa:niños, adultos, estudiantes, etc)",Pago de S/.65.00 nuevos soles al PNH para 30 días de permanencia. Extranjero S/. 30.00 Nacional S/.15.00 Local S/. 5.00
NA,NA
"Previa presentación de boleto o ticket(especificar tarifa:niños, adultos, estudiantes, etc)",Tarifas establecidas por el SERNANP para dos a tres dias: S/60.00 extranjeros y S/ 30.00 nacionales
NA,NA
Semi-restringido(previo permiso),"Previo pago al PNH, S/.65.00 para 21 días de ingreso o permanencia dentro del PNH"
"Previa presentación de boleto o ticket(especificar tarifa:niños, adultos, estudiantes, etc)","Esta Incluido dentro del Boleto Turístico del Colca, Extranjeros S/. 70 y S/. 40.00, Nacionales S/. 20.00, Estudiantes y Niños S/. 5.00"
Libre,
Libre,
"Previa presentación de boleto o ticket(especificar tarifa:niños, adultos, estudiantes, etc)","General S/.40 Peruanos y Residentes S/.15 Estudiantes +8 años y Docentes acreditados S/.7.50 Docentes extranjeros S/.15 Niños -8 años, adultos +65 años miembros del PAM:gratis. Noches MALI S/. 9.90"
"Previa presentación de boleto o ticket(especificar tarifa:niños, adultos, estudiantes, etc)",S/7.00 adultos; S/5.00 estudiantes y jubilados; ingreso libre para mayores de 65 años y personas con habilidades diferentes.
NA,NA
"Previa presentación de boleto o ticket(especificar tarifa:niños, adultos, estudiantes, etc)",Adultos y extranjeros: S/.8.00 Universitarios: S/.4.00 Adultos mayores y escolares: S/. 2.00
"Previa presentación de boleto o ticket(especificar tarifa:niños, adultos, estudiantes, etc)",Público general: S/3.00 - Mayores de 60 años y menores de 17 años: entrada gratuita
Semi-restringido(previo permiso)#Libre,De lunes a viernes. Para grupos de 10 a 50 personas por turno de visita. Previa reserva y confirmación https://www.congreso.gob.pe/participacion/visitas/solicitud/ Presentar DNI o pasaporte.#Sábados. Grupos menores de 10 personas por turno. Presentarse 10 min antes con DNI o Pasaporte. Consultas o dudas Teléfono: 01 3117534 Correo: visitas@congreso.gob.pe.
Libre,"Previa presentación de documentos (DNI, Pasaporte, Libreta militar)."
Semi-restringido(previo permiso),"Se ingresa en horario de misa o eventos programados como bodas, bautizos, etc."
Semi-restringido(previo permiso),"Previa autorización de la municipalidad, enviar al correo agonzaless@muniventanilla.gob.pe o pueden ingresar su solicitud por mesa de partes virtual"
"Previa presentación de boleto o ticket(especificar tarifa:niños, adultos, estudiantes, etc)",Tarifa Extranjero: s/30.00 Tarifa Nacionales Adultos: s/12.00 Niños: s/6.00 Locales Adultos: s/6.00 Niños: s/3.00
Libre,
Libre,
NA,NA
"Previa presentación de boleto o ticket(especificar tarifa:niños, adultos, estudiantes, etc)",Extranjero S/. 30.00 Nacional S/. 15.00 Local S/. 5.00
"Previa presentación de boleto o ticket(especificar tarifa:niños, adultos, estudiantes, etc)","Las tarifas al PNH, según el tiempo de permanencia: para 2 a 3 días, S/ 60.00 (extranjeros) y S/ 30.00 (nacionales); y ingreso diario cuesta S/ 30. (extranjeros), S/15. (nacionales) y S/5.00 (locales)"
Libre,Existe un puesto de control que resguarda el recurso turistico y vigila la insfraestructura.
NA,NA
NA,NA
"Previa presentación de boleto o ticket(especificar tarifa:niños, adultos, estudiantes, etc)",Pago de S/. 65.00 nuevos soles al Parque Nacional Huascarán para 30 días exonerados de pago aplica a ciudadanos peruanos menores de 05 y mayores de 65 años
Libre,
"Previa presentación de boleto o ticket(especificar tarifa:niños, adultos, estudiantes, etc)",Pago de S/.65.00 nuevos soles al PNH para 30 días de permanencia. Extranjero S/. 30.00 Nacional S/.15.00 Local S/. 5.00
Semi-restringido(previo permiso),El ingreso está supeditado a la disponibilidad de las madres Benedictinas. Los visitantes se deberán anunciarse en la portería para la autorización de la madre superior o al teléfono (073) 377271.
Libre#Otros (especificar),"#En caso de eventos privados, es previa verificación de lista de invitado o ticket"
Libre,
NA,NA
Libre,
Semi-restringido(previo permiso),Es necesario solicitar autorización dado el deterioro del Templo. Telfeno de la parroquia santa rosa 066634345
Libre,En horario de misa.
Libre,El templo permanece abierto todo el dia.
Semi-restringido(previo permiso),Previa coordinación con el padre Julián Feliciano . celular 966160867.
Libre,
NA,NA
Libre,Se recomienda hacer la visita entre los meses de junio a diciembre.
Libre,
Libre,
"Previa presentación de boleto o ticket(especificar tarifa:niños, adultos, estudiantes, etc)","Niños y estudiantes S/2.00, Adultos y extranjeros S/5.00. El costo de ingreso incluye la visita a las Aguas Sulfurosas de Oromina."
"Previa presentación de boleto o ticket(especificar tarifa:niños, adultos, estudiantes, etc)",Turistas Extranjeros y Nacionales: Adultos S/ 10.00 Soles y Niños S/ 8.00 Soles Locales: S/ 5.00 Soles
Semi-restringido(previo permiso),Los visitantes reservan su ingreso y orientación con el area de turismo de la municipalidad distrital de Soritor. Con 24 horas de anticipación.
"Previa presentación de boleto o ticket(especificar tarifa:niños, adultos, estudiantes, etc)",Adulto S/ 2.00- Niño S/ 1.00
"Previa presentación de boleto o ticket(especificar tarifa:niños, adultos, estudiantes, etc)","Costo de ingreso: S/10.00 Estudiantes: S/5.00 niños menores de 12 años no ingresan a las áreas de proceso y elaboración, de 13 a 17 años con autorización de un adulto. Horario: 8am - 12m"
Libre,
Libre,
"Previa presentación de boleto o ticket(especificar tarifa:niños, adultos, estudiantes, etc)","La Bodega cuenta con 10 tours diferentes, por ello los costos de ingreso varían. para mayor información contactarse al siguiente número de celular: 997 542 481."
"Previa presentación de boleto o ticket(especificar tarifa:niños, adultos, estudiantes, etc)",Adulto: 4 soles; niños: 2 soles y escolares: 1 soles.
"Previa presentación de boleto o ticket(especificar tarifa:niños, adultos, estudiantes, etc)","Adulto: 8 soles, niños: 4 soles"
"Previa presentación de boleto o ticket(especificar tarifa:niños, adultos, estudiantes, etc)","Adulto: 10 soles, niños: 5 soles"
Libre,
"Previa presentación de boleto o ticket(especificar tarifa:niños, adultos, estudiantes, etc)","Adulto general: S/. 2.00, Estudiante S/. 1.00"
Semi-restringido(previo permiso),"Previa coordinación con los Centros de Manejo Picotani, Cala Cala y Cambria"
Libre,En coordinación con el párroco de Capachica; Sr. Ever Ali Ramos.
Libre,
Libre,
"Previa presentación de boleto o ticket(especificar tarifa:niños, adultos, estudiantes, etc)",Adultos S/4.00 Niños S/ 2.00 Información actualizada a la fecha.
NA,NA
Libre,
Libre,
"Previa presentación de boleto o ticket(especificar tarifa:niños, adultos, estudiantes, etc)","Parque Nacional Huascarán (El costo de ingreso para visitantes extranjeros es de S/. 30.00, para nacionales S/. 12.00 y para locales S/. 5.00)."
NA,NA
NA,NA
"Previa presentación de boleto o ticket(especificar tarifa:niños, adultos, estudiantes, etc)",Extranjero S/.30.00 Nacional Adulto S/. 12.00 Niños (5 a 16 años )S/. 5.00 Nacionales (Menores de 5 años y Mayores de 65 años no pagan)
NA,NA
Libre,
NA,NA
NA,NA
Libre,
Libre,
Libre,
"Previa presentación de boleto o ticket(especificar tarifa:niños, adultos, estudiantes, etc)",Costo de boleto: Adultos S/ 3.00 - Niños S/ 1.00
"Previa presentación de boleto o ticket(especificar tarifa:niños, adultos, estudiantes, etc)","Entrada General S/. 8.00 -Estudiantes universitarios o técnicos S/. 3.00 -Adultos mayores de 60 años, personas en servicio militar voluntario y profesores S/. 4.00 Gratis menores de edad y personas co"
"Previa presentación de boleto o ticket(especificar tarifa:niños, adultos, estudiantes, etc)","Esta incluido dentro del Boleto Turistico del Colca, Extranjeros S/. 35.00; Nacionales S/. 17.50, Estudiantes y Niños S/. 3.50"
Libre,
Libre,
Libre,
Semi-restringido(previo permiso),"Comunicarse vía teléfono o enviar oficio a APROBOC dando a conocer el motivo y las personas que irán, dirigido a Eli Peicles Coronel Mezones, telef. 947047487/e-mail: aprobocelbreo@hotmail.com"
Semi-restringido(previo permiso),"Previa coordinación con 24 horas de anticipación, con la Asociación Civil para la Promoción del Ecoturismo Nikolov Pioneros, al teléfono 918 918 651. Costo en entrada general: S/ 10. 00"
Semi-restringido(previo permiso),"Se debe solicitar permiso de ingreso en la Asociación Civil para la Promoción del Ecoturismo Nikolov Pioneros del Rio Abiseo – Juanjui al 918918651 / 942656802, con 24 horas de anticipación."
Libre,Previo registro al ingreso del sitio
Libre,Se recomienda en los horarios de 6:00 am a 3:00 pm
Libre,
"Previa presentación de boleto o ticket(especificar tarifa:niños, adultos, estudiantes, etc)","Para recorrido a Islas previo pago en la plataforma de embarque del muelle 1sol, Zoocriadero 3.5 soles, Centro de interpretacion 2 soles."
"Previa presentación de boleto o ticket(especificar tarifa:niños, adultos, estudiantes, etc)","Boleto extranjero, Nacional o local S/. 2.0 soles"
Libre,
"Previa presentación de boleto o ticket(especificar tarifa:niños, adultos, estudiantes, etc)",Nacionales o Extranjeros Adultos: S/ 20 Estudiantes: S/ 10 niños menores de 9 años no pagan Cusqueños entrada libre presentando DNI
Libre,En horas de Culto religioso de 8:00 a.m. a 7:00 p.m.
"Previa presentación de boleto o ticket(especificar tarifa:niños, adultos, estudiantes, etc)",Adquirir el boleto de ingreso en el local de la Asociación de Turismo. Costo: entrada general S/ 10.00 niños/estudiantes S/ 5.00
Libre,
Libre,
Libre,
Libre,
Libre,Se da un aporte económico voluntario al entrar.
Libre,
Semi-restringido(previo permiso),Coordinar con el Padre Genaro Huamán s. cel: 965070303
"Previa presentación de boleto o ticket(especificar tarifa:niños, adultos, estudiantes, etc)","Boleto único de Ingreso extranjero y Nacional. S/. 10.00,"
"Previa presentación de boleto o ticket(especificar tarifa:niños, adultos, estudiantes, etc)",Incluido dentro del boleto turístico Cusco parcial III. (BTCPIII): • Peruanos: s/. 40 • Extranjeros: s/. 70 • El boleto es gratis para niños menores de 9 años • Cusqueños previa presentación de DNI.
Semi-restringido(previo permiso),Comunicarse con el Párroco : Genaro Huamán Huayllapuma N° de Celular : 965070303
"Previa presentación de boleto o ticket(especificar tarifa:niños, adultos, estudiantes, etc)#Otros (especificar)","Previa presentación de boleto o ticket Tarifas: Nacionales: S/10.00 Extranjeros: S/18.00 Estudiantes: S/10.00#Cusqueños o residentes en Cusco (mostrando su DNI): Gratuito Niños hasta 10 años no pagan El boleto sirve para ingresar a tres templos: Templo San Pedro Apóstol de Andahuaylillas, Templo San Juan Baut"
Semi-restringido(previo permiso),Previa presentación de boleto o ticket Tarifas: Nacionales: S/10.00 Extranjeros: S/18.00 Estudiantes: S/10.00 Cusqueños o residentes en Cusco (mostrando su DNI): Gratuito Niños hasta 10 años no pag
Libre,
"Previa presentación de boleto o ticket(especificar tarifa:niños, adultos, estudiantes, etc)",
Libre,
"Previa presentación de boleto o ticket(especificar tarifa:niños, adultos, estudiantes, etc)",TARIFARIO: POZA PRIVADA: S/6.00 PISCINA SEMI OLIMPICA: S/5.00 PISCINA MEDIANA: S/4.00 PISCINA PARA NIÑOS: S/2.00 DUCHAS: S/2.00
Libre,De Lunes a viernes.
"Previa presentación de boleto o ticket(especificar tarifa:niños, adultos, estudiantes, etc)",Adultos: S/.5 - Estudiantes de educación superior: S/.2 - Docentes y Adulto Mayor: S/.2.50 - Escolares y menores de 18 años: gratis - Guiado: S/.20
Libre,
"Previa presentación de boleto o ticket(especificar tarifa:niños, adultos, estudiantes, etc)",-Adulto nacional: S/ 6.00; Niño nacional: S/ 3.00 -Adulto local: S/ 4.00; Niño local: S/ 2.50
Semi-restringido(previo permiso),Previa coordinación con el Arqueólogo Ernesto Lázaro . Celular : 992940678
Libre,
"Previa presentación de boleto o ticket(especificar tarifa:niños, adultos, estudiantes, etc)",Tarifas: De 5 a 10 años: s/. 4.00 De 11 años a más: s/. 5.00
Libre,
"Previa presentación de boleto o ticket(especificar tarifa:niños, adultos, estudiantes, etc)",Tarifa general: S/ 1.00
Libre,
"Previa presentación de boleto o ticket(especificar tarifa:niños, adultos, estudiantes, etc)",Público general: S/ 2.00
Libre,
Libre,
Libre,
Libre,
Libre,Zona pública disponible todos los días las 24 horas
Libre,De Lunes a Sábado de 08:00 am a 05:00 pm. Servicios gratuitos.
Libre,
Libre,
Libre,
Libre,Se recomienda dejar un óbolo al ingreso
Libre,
Libre,
NA,NA
Libre,
"Previa presentación de boleto o ticket(especificar tarifa:niños, adultos, estudiantes, etc)","Pago de 1 Día, general S/30, nacional adulto S/.12, menor S/5, De 2 a 3 días, general S/60, nacional adulto S/.30, menor S/15, De 4 a 30 días, general S/150, nacional adulto S/.75, menor S/35."
"Previa presentación de boleto o ticket(especificar tarifa:niños, adultos, estudiantes, etc)",Tarifa : Pozas Publicas 32° 36° 38°: S/. 10.00
Semi-restringido(previo permiso),"Permiso con 15 dias de anticipación pncutervo@sernanp.gob.pe, Liz Gamonal Sánchez, Cel 942053456"
Semi-restringido(previo permiso),"Permiso con 24 horas de anticipación mediante documento, indicando nombres N° DNI y motivo de visita, dirigido al Sr. Víctor Macedo Cuenca, Jefe del PNRA, cel. 968218437"
Semi-restringido(previo permiso),"Enviar una solicitud de visita al área con 15 días de anticipación al Blgo. Fredi A. Abanto Terrones, jefe de la Reserva Nacional de Calipuy. Correos: fabanto@sernanp.gob.pe fredyabrahamabant"
Libre,
NA,NA
Semi-restringido(previo permiso),Contactarse con el Sr. Miguel Mosquera Terrones - 992162223
Libre,"Es un recurso de acceso libre, al tratarse de un espacio público abierto a la comunidad y visitantes."
Libre,Se recomienda llamar al 968218461
"Previa presentación de boleto o ticket(especificar tarifa:niños, adultos, estudiantes, etc)","General: S/ 10.00 - Reducida: S/ 5.00 , menores de edad, Adultos( 65), Conadis y estudiantes de nivel superior. - Grupos ( 50 estudiantes): S/ 4.00.-Gratuito: Lic. en turismo, G.O.T. y docentes"
Libre,
Semi-restringido(previo permiso),Autorizacíon del SERNANP
"Previa presentación de boleto o ticket(especificar tarifa:niños, adultos, estudiantes, etc)#Otros (especificar)","Ingreso: Extranjero 30 soles, Nacional Adulto 11 soles, nacional niños (5-16 años) 5 soles, Locales Adultos 5 soles, Locales niños 3 soles Adquisición de entradas: Calle Jorge Chavez 930#Exoneración de pagos de derecho de ingreso a guías oficiales de turismo y a personas con discapacidad que presenten la acreditación respectiva"
"Previa presentación de boleto o ticket(especificar tarifa:niños, adultos, estudiantes, etc)",Entrada General: S/. 15; Niños: S/.8; Adultos Mayores: S/. 4; Personas con Discapacidad: Gratis. Considerando el ingreso por el Parque de las Leyendas
"Previa presentación de boleto o ticket(especificar tarifa:niños, adultos, estudiantes, etc)","Adultos: S/. 6.00; Estudiantes de educación superior, adulto mayor, docentes y militares: S/. 3.00; Escolares, menores de edad y discapacitados: ingreso libre. Ingreso libre cada 1er domingo de mes."
Libre,
Libre,
"Previa presentación de boleto o ticket(especificar tarifa:niños, adultos, estudiantes, etc)",Nacionales: S/ 10.00 Escolares: S/5.00 Adulto mayor: S/ 5.00 Extranjeros: S/. 15.00
NA,NA
"Previa presentación de boleto o ticket(especificar tarifa:niños, adultos, estudiantes, etc)",Adultos: S/10.00 Niños y estudiantes: S/06.00 Personas adultas mayores: S/06.00 Personas con CONADIS: Gratis Comunidad URP: Gratis
Libre,Llevar sombrero y bloqueador durante el verano
Libre,
Otros (especificar),"Ingreso restringido, por el momento solo se visita y se aprecia desde afuera."
Libre,
Libre,
Libre,
Libre,
Semi-restringido(previo permiso),"Previa coordinacion con Billy Gamboa tlf. 930886020, encargado de la Reserva Nacional Sistema de Islas, Islotes y Puntas Guaneras - SERNANP"
Libre,
Libre,
Libre,
Libre,
"Previa presentación de boleto o ticket(especificar tarifa:niños, adultos, estudiantes, etc)",Extranjero S/. 30.00 Adulto Nacional S/. 15.00 Locales Adulto S/. 5.00 Niños S/. 3.00 Nacionales (Menores de 5 años y Mayores de 65 años no pagan) Niños de 5 a 16 años pagan S/. 5.00
Libre,
NA,NA
NA,NA
NA,NA
NA,NA
NA,NA
NA,NA
NA,NA
Libre,
Libre,
Libre,
Libre,Zona pública disponible todos los días las 24 horas
Libre,"Para el ingreso, se solicita a la cuidadora Sra. Norma García, que se encuentra permanentemente en la casa que está a un costado de la Capilla."
Libre,
"Previa presentación de boleto o ticket(especificar tarifa:niños, adultos, estudiantes, etc)",Actualmente el costo del ticket es de 3 soles por posa y el tiempo de uso es de 30 min.
"Previa presentación de boleto o ticket(especificar tarifa:niños, adultos, estudiantes, etc)",La tarifa es adultos y/o niños: Tina personal: s/. 7.00 Pareja: s/.10.00 Piscina: S/. 3.00
"Previa presentación de boleto o ticket(especificar tarifa:niños, adultos, estudiantes, etc)",La tarifa es adultos y/o niños: Tina personal: s/. 7.00 Pareja: s/.10.00 Piscina: S/. 3.00
"Previa presentación de boleto o ticket(especificar tarifa:niños, adultos, estudiantes, etc)",Nacional s/.5.00; Extranjero s/.10.00; Local es libre. Contacto:Sr. Jhon Kenedy Milian Nuñez Celular 929744901
NA,NA
NA,NA
Libre,
Semi-restringido(previo permiso),Previa coordinación al teléfono 073-285670 y con DNI
NA,NA
NA,NA
NA,NA
NA,NA
"Previa presentación de boleto o ticket(especificar tarifa:niños, adultos, estudiantes, etc)",Pago de s/.20.00 a la Comunidad Campesina de Llamac / Pocpa.
NA,NA
NA,NA
"Previa presentación de boleto o ticket(especificar tarifa:niños, adultos, estudiantes, etc)",Tarifas de ingreso: Extranjero S/. 10.00; nacionales adulto S/. 5.00; nacionales niños y estudiantes S/. 3.00
Libre,
Semi-restringido(previo permiso),De 8 a.m.-2 p.m. Las Agencias de viajes y Turismo realizan las coordinaciones con embarcaciones.
Libre,
Libre,
Libre,
NA,NA
"Previa presentación de boleto o ticket(especificar tarifa:niños, adultos, estudiantes, etc)","COCACHIMBA:-Menores(5-17años),adultos mayores(65 años a más) y Universitarios S/10.00. -Adultos(18-64 años) S/15.00. SAN PABLO:-Niños S/8.00. -Adultos S/15.00.-Universitarios y estudiantes S/10.00"
"Previa presentación de boleto o ticket(especificar tarifa:niños, adultos, estudiantes, etc)",Ingresos al santuario nacional bosque de rocas de Huayllay. Recorrido 1: Adultos 2.00 soles Niños 1.00 sol Recorrido 2: Adultos 2.50 soles Niños no pagan 5.00 soles por vehículo
"Previa presentación de boleto o ticket(especificar tarifa:niños, adultos, estudiantes, etc)#Otros (especificar)",-Adultos: S/. 20; -Niños: S/. 5; -Escolares: S/. 8; -Adulto Mayor: S/. 10; -Universitarios: S/. 13; -Extranjeros: S/. 30; -CONADIS: S/. 5#-Guiado especializado en aves: S/. 50; -Guiado bilingüe (inglés): S/. 50
NA,NA
Libre,
Semi-restringido(previo permiso),"Previa reserva con la Asociación ADECARAM, al teléfono 942 958 538."
"Previa presentación de boleto o ticket(especificar tarifa:niños, adultos, estudiantes, etc)",En cobro se realiza en Tinke: la tarifa es de 10 soles.
NA,NA
Libre,
Libre,
Libre,Se recomienda ir con un guía local o por medio de un operador turístico que conozca el recorrido al recurso turístico.
"Previa presentación de boleto o ticket(especificar tarifa:niños, adultos, estudiantes, etc)","Incluido en el Circuito Religioso del Cusco Adultos S/30, Estudiantes S/ 15"
Semi-restringido(previo permiso)#Libre,"Previa autorización del parroco, Pbro. Daniel Huallparimachi Huamán / 948779963#Horario de Culto"
Libre,
Semi-restringido(previo permiso),Previa coordinación con el párroco o monjas
Libre,
Libre,
"Previa presentación de boleto o ticket(especificar tarifa:niños, adultos, estudiantes, etc)","adultos S/.2.00, niños S/.1.00"
Semi-restringido(previo permiso),"Coordinar con Sr. Marcos Apaza Alejo, cel. 952058670"
Libre,Extranjeros s/ 5.00 soles Nacionales y locales s/ 1.00
NA,NA
Libre,
Libre,
Libre,Sin restricciones
Libre,
Libre,
Libre,
Libre,
Libre,El ingreso es libre sin embargo si se desea el servicio de guiado tiene un costo adicional de S/2.00
"Previa presentación de boleto o ticket(especificar tarifa:niños, adultos, estudiantes, etc)",Adultos: s/. 8.00 Especial (niños de 5 a 12 años y Universitarios) s/.5.00 Estudiantes en grupo: s/. 4.00
Libre,
Semi-restringido(previo permiso),Previo permiso de SERNANP a través de: 1. Correo institucional: pncerrosdeamotape@sernanp.gob.pe 2. Número de contacto: 997 014 752 Esp. Leidy Valle. 3. En el puesto de control del sector.
Libre,Agencia Bancaria
Libre,
Libre,
Libre,Todo el día
Libre,Previa coordinación con las autoridades de la comunidad campesina de Quelcaya.
Libre,
Libre,
Libre,
Libre,
Libre,
Libre,
Libre,
Semi-restringido(previo permiso),"Permiso a la Gerencia General del PEOT, con un mes de anticipación, adjuntar lista de visitantes (nombres completos, número DNI, fecha de nacimiento) y una declaración jurada. Ca. Las Violetas 148-Ch"
Libre,
"Semi-restringido(previo permiso)#Previa presentación de boleto o ticket(especificar tarifa:niños, adultos, estudiantes, etc)",Previa llamada telefónica; al 074-433194 ó 978836377#Entrada general S/ 10.00 Costo de guiado 60.00 x grupos de hasta 10 personas. Contamos con 2 tipos de visita: Full Day y con Pernocte. El ingreso es previa reserva y contar con un guía local.
"Previa presentación de boleto o ticket(especificar tarifa:niños, adultos, estudiantes, etc)#Libre#Otros (especificar)",Adultos: S/ 10.00; Universitarios: S/ 4.00; Niños: S/.1.50; Tarifa especial: 5.00#Para personas con discapacidad y residentes del C.P. Huaca Rajada Sipán (Previa Presentación de DNI) según TUSNE del Ministerio de Cultura 2022#Parqueo S/. 2.0
"Previa presentación de boleto o ticket(especificar tarifa:niños, adultos, estudiantes, etc)",Ruta Integral: Adultos en general: 12 soles. Estudiantes de educación superior universitaria y no universitaria: 5 soles. Menores de edad: 1.5 soles. Consultar por las tarifas especiales.
NA,NA
Libre,
Libre,
Libre,
NA,NA
Libre,
Libre,Cuando hay celebraciones religiosas
Libre,Lunes a Domingo
Libre,
Semi-restringido(previo permiso),Coordinar con las autoridades de la comunidad campesina de Quelcaya.
Libre,
Libre,
Libre,
"Previa presentación de boleto o ticket(especificar tarifa:niños, adultos, estudiantes, etc)",-Niños: s/.1:00 -Adultos: s/. 2.00
Libre,Barrio tradicional
NA,NA
Libre,
Libre,
Libre,
Libre,En coordinacion con la comunidad
Libre,
Libre,
Libre,
Libre,Permanece abierto a partir de las 7.00 am a 12 m.
Libre,
NA,NA
Libre,
Libre,Las 24 horas del dia
Libre,Todo el día
NA,NA
Libre,
NA,NA
"Previa presentación de boleto o ticket(especificar tarifa:niños, adultos, estudiantes, etc)",Costo de Ingreso General S/ 1.00 (un sol) por persona sea adulto o niño.
Libre,
Semi-restringido(previo permiso),"No se paga por el ingreso, pero se debe coordinar la disponibilidad del espacio, aforo y recorrido con el Responsable del museo, el Sr. Abraham Picoy - Num: 963652794."
Libre,
Libre,
"Previa presentación de boleto o ticket(especificar tarifa:niños, adultos, estudiantes, etc)",El pago es de s/. 2.00 en general.
"Previa presentación de boleto o ticket(especificar tarifa:niños, adultos, estudiantes, etc)",Entrada general S/5.00
Libre,
"Previa presentación de boleto o ticket(especificar tarifa:niños, adultos, estudiantes, etc)","S/. 10.00 Adultos, S/. 5.00 Niños"
"Previa presentación de boleto o ticket(especificar tarifa:niños, adultos, estudiantes, etc)",Adulto S/. 7.00 Estudiante S/. 5.00 Niños S/. 2.00
Libre,Se recomienda contactar al Sr. Alfonso Delgado. Cel 931547604; visita guiada.
"Previa presentación de boleto o ticket(especificar tarifa:niños, adultos, estudiantes, etc)",La tarifa general es de S/. 2.00 Nuevos Soles.
Semi-restringido(previo permiso),"Previa coordinación con el guardián, teléfono 967669958"
"Previa presentación de boleto o ticket(especificar tarifa:niños, adultos, estudiantes, etc)",INGRESO: NIÑOS Y ADULTOS 1.00 PISCINA: NIÑOS Y ADULTOS 2.00 POZA PRIVADA: 5.00 GENERAL
NA,NA
NA,NA
NA,NA
NA,NA
Semi-restringido(previo permiso),"Solicitar el ingreso a las sra Ema Bernuy, catequista de la Iglesia Católica de Vicco. Celular: 963 688 929"
Libre,
Libre,
Libre,
NA,NA
Libre,
Libre,
Libre,
Libre,Coordinar con las autoridades del centro poblado de Aymaña
Libre,
Libre,
"Previa presentación de boleto o ticket(especificar tarifa:niños, adultos, estudiantes, etc)","Costo de ingreso: S/ 3.00 | Los tickets se adquieren en la Casa del Turista Onercocha, ubicada en el caserío Paraíso del Alto Mayo."
NA,NA
Libre,
Libre,
Libre,
Libre,
Libre,
"Previa presentación de boleto o ticket(especificar tarifa:niños, adultos, estudiantes, etc)",S/. 10.00 Comunidad de Pampas Chico
Libre,
Libre,Horarios de L a V : 9:00 A 5:00 PM SABADOS Y DOMINGO CERRADO
Libre,
NA,NA
Libre,
Libre,Los Humedales se observan desde los Miradores existentes en la zona
Libre,
NA,NA
"Previa presentación de boleto o ticket(especificar tarifa:niños, adultos, estudiantes, etc)","Previo permiso de la autoridad encargada, Adultos pagan S/. 20.00 soles niños S/. 15.00 soles, escolares S/.10.00(previa coordinación con el colegio)."
Libre,Las playas tienen libre acceso
Libre,
"Previa presentación de boleto o ticket(especificar tarifa:niños, adultos, estudiantes, etc)",
NA,NA
NA,NA
NA,NA
Otros (especificar),Con presentacin de boleto para el escenario preferencial y libre en la parte exterior
Libre,
NA,NA
Libre,
"Previa presentación de boleto o ticket(especificar tarifa:niños, adultos, estudiantes, etc)",El ingreso a Siete Tinajas es previa presentación de ticket de entrada por cualquiera de los 02 accesos de las Familias Serrano o Familia Quispe. La tarifa es de 2.00 soles por persona adulta y 1.00
Semi-restringido(previo permiso),Coordinar con el encargado para la visita 920528962
"Previa presentación de boleto o ticket(especificar tarifa:niños, adultos, estudiantes, etc)",Entrada General S/60.00
"Previa presentación de boleto o ticket(especificar tarifa:niños, adultos, estudiantes, etc)",Tarifas: Turista nacional: S/8.00 Turista nacional niño: S/4.00 Turista extranjero: S/15
"Previa presentación de boleto o ticket(especificar tarifa:niños, adultos, estudiantes, etc)",Tarifa General: 3 soles
Semi-restringido(previo permiso),Previa comunicación con el encargado de la comisión de vicuñas.
Libre,
Libre,LLevar medidas de protección solar
Semi-restringido(previo permiso),Previa autorización de la comunidad de Tintinco/ Javier Huilca 926122218
Libre,
Libre,
NA,NA
NA,NA
Semi-restringido(previo permiso),Previa autorización de la comunidad de Yaucat días sin actividades programadas / Luis Auquille 935010641
NA,NA
NA,NA
NA,NA
"Previa presentación de boleto o ticket(especificar tarifa:niños, adultos, estudiantes, etc)",Costo del boleto s/.5.00 soles entrada general.
"Previa presentación de boleto o ticket(especificar tarifa:niños, adultos, estudiantes, etc)",Tarifa General S/2.00
NA,NA
NA,NA
NA,NA
Libre,
Libre,
Semi-restringido(previo permiso),Previa autorización de la comunidad de Paropucjio / Carlos Chino 997278701
"Previa presentación de boleto o ticket(especificar tarifa:niños, adultos, estudiantes, etc)",Turista extranjero o nacional S/. 5.00 soles y visitante local S/. 2.00
Libre,
Libre,
Libre,De lunes a domingo
Libre,
"Previa presentación de boleto o ticket(especificar tarifa:niños, adultos, estudiantes, etc)",Extranjero: S/20.00 soles Nacionales: S/10.00 soles Local DNI : S/ 5.00 soles
NA,NA
Libre,"8:30 a. m. - 5:00 p.m. con registro de flujo de visitantes: teléfono: 959435470, Responsable de Turismo, Ingreso para personas sin impidimento física (caminata moderada en la zona)."
Libre,
NA,NA
Libre,
Libre,
NA,NA
Libre,
NA,NA
Libre,
Libre,
Libre,
Libre,Todo el dia
Semi-restringido(previo permiso),Previa autorización de la comunidad de Mocoraise/ Pedro Lima 931629039
"Previa presentación de boleto o ticket(especificar tarifa:niños, adultos, estudiantes, etc)","Adultos (8 años a más): 5 soles, niños (5 a 7 años): 2.5 soles, menores de 5 años no pagan."
Semi-restringido(previo permiso),"Previa coordinación con la Presidenta de Servicios turisticos Santa Rosa de Quives Valle Chillon Sra.Flor Elena Alzamora Aranguren , Celular : 991179122"
Semi-restringido(previo permiso),Para el acceso al recurso turístico se debe solicitar una autorización de ingreso a la Jefatura del Santuario Nacional Megantoni. Mariana Salazar SERNAP al 937513240
NA,NA
Libre,
"Libre#Previa presentación de boleto o ticket(especificar tarifa:niños, adultos, estudiantes, etc)","Adultos mayores ( Nacionales, mayores de 65 años) , Personas con Discapacidad y Niños Menores de 5 años (Gratuito).#Tarifa: Extranjeros s/. 25.00 Estudiantes Extranjeros S/ 13.00 Nacionales S/ 5.00 Universitarios y Escolares S/3.00 Delegación Escolar por Estudiante S/ 2.00 Propina voluntaria al guía."
Libre,
Libre,
Libre,
Libre,
Libre,
Libre,Existe un aporte voluntario de S/. 5.00
Libre,
Libre,
Libre,
Libre,
Libre,
Libre,
"Previa presentación de boleto o ticket(especificar tarifa:niños, adultos, estudiantes, etc)","Se debe realizar un pago, costo adultos 2.00 y niños 1.00"
NA,NA
Libre,
NA,NA
NA,NA
Libre,Realización de misas
Libre#Semi-restringido(previo permiso),"El ingreso para el la iglesia de acuerdo al horario#Para ingresar al convento se solicita permiso verbal en el área de administración de la parroquia, indicando el motivo. Restringido para el segundo piso del convento."
Libre,Coordinar con el Sr. Maximo Flores Flores (tripulante) 995253004 / Antonia Quispe Cahuana (tripulante) 951524988 Se puede dejar un obolo luego de la visita.
Semi-restringido(previo permiso),Previa inscripción en Visitas Guiadas Mensuales Gratuitas realizadas por la Municipalidad de Lurín. 20 personas por visita. Inscripciones: Subgerencia de Turismo turismo@munilurin.gob.pe 941553906
NA,NA
Libre,
NA,NA
NA,NA
Libre,
NA,NA
NA,NA
NA,NA
Libre,
Libre,Se recomienda llevar repelente y bloqueador solar.
Libre,
NA,NA
Libre,
Libre,
Libre,
Libre,
