Ticker,Name,Sector,Asset Class,Market Value,Weight (%),Notional Value,Shares,Price,Location,Exchange,Currency,FX Rate,Market Currency,Accrual Date
ABEV,AMBEV ADR REPRESENTING ONE SA,Productos básicos de consumo,Renta Variable,77655614.61,2.02,77655614.61,24969651,3.11,Brasil,New York Stock Exchange Inc.,USD,1,USD,-
AC*,ARCA CONTINENTAL,Productos básicos de consumo,Renta Variable,33105853.53,0.86,33105853.53,2894285,11.44,México,Bolsa Mexicana De Valores,USD,17.35,MXN,-
AMXB,AMERICA MOVIL B,Comunicación,Renta Variable,134647368.8,3.51,134647368.8,105853453,1.27,México,Bolsa Mexicana De Valores,USD,17.35,MXN,-
AXIA3,AXIA ENERGIA SA,Servicios,Renta Variable,68402775.89,1.78,68402775.89,6579526,10.4,Brasil,XBSP,USD,5.08,BRL,-
B3SA3,B3 BRASIL BOLSA BALCAO SA,Financieros,Renta Variable,91662398.8,2.39,91662398.8,29606139,3.1,Brasil,XBSP,USD,5.08,BRL,-
BAP,CREDICORP LTD,Financieros,Renta Variable,159699228.6,4.16,159699228.6,398670,400.58,Perú,New York Stock Exchange Inc.,USD,1,USD,-
BBAS3,BANCO DO BRASIL SA,Financieros,Renta Variable,70641179.28,1.84,70641179.28,16810450,4.2,Brasil,XBSP,USD,5.08,BRL,-
BBD,BANCO BRADESCO ADR REPTG PREF SA,Financieros,Renta Variable,111995798.87,2.92,111995798.87,31023767,3.61,Brasil,New York Stock Exchange Inc.,USD,1,USD,-
BIMBOA,GRUPO BIMBO A,Productos básicos de consumo,Renta Variable,28760547.55,0.75,28760547.55,8053696,3.57,México,Bolsa Mexicana De Valores,USD,17.35,MXN,-
BSAC,BANCO SANTANDER CHILE ADR REPRESEN,Financieros,Renta Variable,31482052.03,0.82,31482052.03,909623,34.61,Chile,New York Stock Exchange Inc.,USD,1,USD,-
CEMEXCPO,CEMEX CPO,Materiales,Renta Variable,104978576.26,2.73,104978576.26,88806450,1.18,México,Bolsa Mexicana De Valores,USD,17.35,MXN,-
CENCOSUD,CENCOSUD SA,Productos básicos de consumo,Renta Variable,15281343.66,0.4,15281343.66,7257837,2.11,Chile,Santiago Stock Exchange,USD,928.48,CLP,-
CHILE,BANCO DE CHILE,Financieros,Renta Variable,56875552.42,1.48,56875552.42,272611267,0.21,Chile,Santiago Stock Exchange,USD,928.48,CLP,-
CIB,GRUPO CIBEST AMERICAN DEPOSITARY S,Financieros,Renta Variable,59710002.48,1.56,59710002.48,645374,92.52,Colombia,New York Stock Exchange Inc.,USD,1,USD,-
EC,ECOPETROL ADR REPRESENTING SA,Energía,Renta Variable,24316147.83,0.63,24316147.83,1449979,16.77,Colombia,New York Stock Exchange Inc.,USD,1,USD,-
FALABELLA,FALABELLA SACI SA,Consumo discrecional,Renta Variable,32430217.16,0.84,32430217.16,4844055,6.69,Chile,Santiago Stock Exchange,USD,928.48,CLP,-
FEMSAUBD,FOMENTO ECONOMICO MEXICANO,Productos básicos de consumo,Renta Variable,125152345.48,3.26,125152345.48,9805569,12.76,México,Bolsa Mexicana De Valores,USD,17.35,MXN,-
FUNO11,FIBRA UNO ADMINISTRACION REIT,Inmobiliario,Renta Variable,28988514.94,0.76,28988514.94,16125756,1.8,México,Bolsa Mexicana De Valores,USD,17.35,MXN,-
GCARSOA1,GRUPO CARSO SERIES A1,Industriales,Renta Variable,27007145.3,0.7,27007145.3,3160561,8.55,México,Bolsa Mexicana De Valores,USD,17.35,MXN,-
GFNORTEO,GPO FINANCE BANORTE,Financieros,Renta Variable,164082426.02,4.27,164082426.02,14193318,11.56,México,Bolsa Mexicana De Valores,USD,17.35,MXN,-
GGB,GERDAU SA ADR REPRESENTING PREF,Materiales,Renta Variable,36952734.08,0.96,36952734.08,7450148,4.96,Brasil,New York Stock Exchange Inc.,USD,1,USD,-
GMEXICOB,GRUPO MEXICO B,Materiales,Renta Variable,218715186.21,5.7,218715186.21,18268804,11.97,México,Bolsa Mexicana De Valores,USD,17.35,MXN,-
ISA,INTERCONEXION ELECTRICA SA,Servicios,Renta Variable,24633493.46,0.64,24633493.46,2592358,9.5,Colombia,Bolsa De Valores De Colombia,USD,3146.59,COP,-
ITSA4,ITAUSA INVESTIMENTOS ITAU PREF SA,Financieros,Renta Variable,92787248.52,2.42,92787248.52,34111399,2.72,Brasil,XBSP,USD,5.08,BRL,-
ITUB,ITAU UNIBANCO HOLDING ADR REP PRE,Financieros,Renta Variable,268465799.16,6.99,268465799.16,31733546,8.46,Brasil,New York Stock Exchange Inc.,USD,1,USD,-
LTM,LATAM AIRLINES GROUP SA,Industriales,Renta Variable,39537024.07,1.03,39537024.07,1483797026,0.03,Chile,Santiago Stock Exchange,USD,928.48,CLP,-
NU,NU HOLDINGS CLASS A,Financieros,Renta Variable,322754088.45,8.41,322754088.45,22522965,14.33,Brasil,New York Stock Exchange Inc.,USD,1,USD,-
PAC,GRUPO AEROPORTUARIO DEL PACIFICO A,Industriales,Renta Variable,52035111.45,1.36,52035111.45,239407,217.35,México,New York Stock Exchange Inc.,USD,1,USD,-
PBR,PETROLEO BRASILEIRO ADR REPTG SA,Energía,Renta Variable,211756354.4,5.52,211756354.4,10915276,19.4,Brasil,New York Stock Exchange Inc.,USD,1,USD,-
PBRA,PETROLEO BRASILEIRO ADR REPTG PRE,Energía,Renta Variable,221936280.65,5.78,221936280.65,12940891,17.15,Brasil,New York Stock Exchange Inc.,USD,1,USD,-
RDOR3,REDE DOR SAO LUIZ SA,Cuidado de la Salud,Renta Variable,40182134.1,1.05,40182134.1,5893515,6.82,Brasil,XBSP,USD,5.08,BRL,-
RENT3,LOCALIZA RENT A CAR SA,Industriales,Renta Variable,37657665.32,0.98,37657665.32,5087089,7.4,Brasil,XBSP,USD,5.08,BRL,-
SBSP3,COMPANHIA DE SANEAMENTO BASICO DE,Servicios,Renta Variable,75531567.16,1.97,75531567.16,13853771,5.45,Brasil,XBSP,USD,5.08,BRL,-
SCCO,SOUTHERN COPPER CORP,Materiales,Renta Variable,89431246.41,2.33,89431246.41,489471,182.71,Perú,New York Stock Exchange Inc.,USD,1,USD,-
SQM,SOCIEDAD QUIMICA Y MINERA DE CHILE,Materiales,Renta Variable,56187696.32,1.46,56187696.32,837872,67.06,Chile,New York Stock Exchange Inc.,USD,1,USD,-
TIGO,MILLICOM INTERNATIONAL CELLULAR SA,Comunicación,Renta Variable,54431811.28,1.42,54431811.28,570086,95.48,Suecia,NASDAQ,USD,1,USD,-
VALE,VALE ADR REPRESENTING ONE SA,Materiales,Renta Variable,309844906.86,8.07,309844906.86,20574031,15.06,Brasil,New York Stock Exchange Inc.,USD,1,USD,-
VIV,TELEFONICA BRASIL ADS REPRESENTING,Comunicación,Renta Variable,28174114.28,0.73,28174114.28,2180659,12.92,Brasil,New York Stock Exchange Inc.,USD,1,USD,-
WALMEX*,WALMART DE MEXICO V,Productos básicos de consumo,Renta Variable,82083454.93,2.14,82083454.93,28341906,2.9,México,Bolsa Mexicana De Valores,USD,17.35,MXN,-
WEGE3,WEG SA,Industriales,Renta Variable,80067110.31,2.09,80067110.31,8618495,9.29,Brasil,XBSP,USD,5.08,BRL,-
,,,,,,,,,,,,,,
 ,,,,,,,,,,,,,,
